/*
Navicat MySQL Data Transfer

Source Server         : localhost_3306
Source Server Version : 50519
Source Host           : localhost:3306
Source Database       : bbc

Target Server Type    : MYSQL
Target Server Version : 50519
File Encoding         : 65001

Date: 2020-04-10 14:28:18
*/

SET FOREIGN_KEY_CHECKS=0;

-- ----------------------------
-- Table structure for hibernate_sequence
-- ----------------------------
DROP TABLE IF EXISTS `hibernate_sequence`;
CREATE TABLE `hibernate_sequence` (
  `next_val` bigint(20) DEFAULT NULL
) ENGINE=MyISAM DEFAULT CHARSET=utf8;

-- ----------------------------
-- Records of hibernate_sequence
-- ----------------------------
INSERT INTO `hibernate_sequence` VALUES ('5');
INSERT INTO `hibernate_sequence` VALUES ('5');
INSERT INTO `hibernate_sequence` VALUES ('5');
INSERT INTO `hibernate_sequence` VALUES ('5');

-- ----------------------------
-- Table structure for tcomment
-- ----------------------------
DROP TABLE IF EXISTS `tcomment`;
CREATE TABLE `tcomment` (
  `CommentID` int(11) NOT NULL AUTO_INCREMENT,
  `CommentContent` text NOT NULL,
  `CommentTime` datetime NOT NULL COMMENT '发表时间',
  `MessageId` int(11) NOT NULL,
  `CommentUser` varchar(20) NOT NULL,
  PRIMARY KEY (`CommentID`)
) ENGINE=InnoDB AUTO_INCREMENT=25 DEFAULT CHARSET=utf8;

-- ----------------------------
-- Records of tcomment
-- ----------------------------
INSERT INTO `tcomment` VALUES ('1', '123456789', '2020-03-26 09:53:59', '2', 'ls');
INSERT INTO `tcomment` VALUES ('2', '123456789', '2020-03-26 09:54:02', '2', 'ls');
INSERT INTO `tcomment` VALUES ('3', '123456789', '2020-03-26 09:54:04', '2', 'ls');
INSERT INTO `tcomment` VALUES ('4', '123456789', '2020-03-26 09:54:04', '2', 'ls');
INSERT INTO `tcomment` VALUES ('5', '123456789', '2020-03-26 09:54:04', '2', 'ls');
INSERT INTO `tcomment` VALUES ('6', '123456789', '2020-03-26 09:54:04', '2', 'ls');
INSERT INTO `tcomment` VALUES ('7', '123456789', '2020-03-26 09:54:04', '2', 'ls');
INSERT INTO `tcomment` VALUES ('8', '123456789', '2020-03-26 09:54:04', '2', 'ls');
INSERT INTO `tcomment` VALUES ('9', '123456789', '2020-03-26 09:54:04', '2', 'ls');
INSERT INTO `tcomment` VALUES ('10', '123456789', '2020-03-26 09:54:04', '2', 'ls');
INSERT INTO `tcomment` VALUES ('11', '123456789', '2020-03-26 09:54:04', '2', 'ls');
INSERT INTO `tcomment` VALUES ('12', '123456789', '2020-03-26 09:54:04', '2', 'ls');
INSERT INTO `tcomment` VALUES ('13', '11111111111', '2020-04-03 18:52:44', '4', '游客0:0:0:0:0:0:0:1');
INSERT INTO `tcomment` VALUES ('14', '2222222222', '2020-04-03 18:53:35', '4', '游客0:0:0:0:0:0:0:1');
INSERT INTO `tcomment` VALUES ('15', '333333333333', '2020-04-03 18:53:40', '4', '游客0:0:0:0:0:0:0:1');
INSERT INTO `tcomment` VALUES ('16', '333333333333', '2020-04-03 19:27:54', '4', '游客127.0.0.1');
INSERT INTO `tcomment` VALUES ('17', '00000000000', '2020-04-04 15:12:25', '42', '游客127.0.0.1');
INSERT INTO `tcomment` VALUES ('18', '85491651471415', '2020-04-07 16:03:38', '42', 'admin');
INSERT INTO `tcomment` VALUES ('19', '注释方式与配置文件底层实现方式相同，只是配置的方式换成了注释方式\n\n自动增长，适用于支持自增字段的数据库\n\n@Id\n\n@GeneratedValue(strategy = GenerationType.IDENTITY)\n\n根据底层数据库自动选择方式，需要底层数据库的设置\n\n如MySQL，会使用自增字段，需要将主键设置成auto_increment。\n\n@Id\n\n@GeneratedValue(strategy = GenerationType.AUTO)\n\n使用表存储生成的主键，可以跨数据库。\n\n每次需要主键值时，查询名为\"hibernate_table\"的表，查找主键列\"gen_pk\"值为\"2\"记录，得到这条记录的\"gen_val\"值，根据这个值，和allocationSize的值生成主键值。', '2020-04-09 11:25:21', '43', 'ddddd');
INSERT INTO `tcomment` VALUES ('21', '注释方式与配置文件底层实现方式相同，只是配置的方式换成了注释方式 自动增长，适用于支持自增字段的数据库 @Id @GeneratedValue(strategy = GenerationType.IDENTITY) 根据底层数据库自动选择方式，需要底层数据库的设置 如MySQL，会使用自增字段，需要将主键设置成auto_increment。 @Id @GeneratedValue(strategy = GenerationType.AUTO) 使用表存储生成的主键，可以跨数据库。 每次需要主键值时，查询名为\"hibernate_table\"的表，查找主键列\"gen_pk\"值为\"2\"记录，得到这条记录的\"gen_val\"值，根据这个值，和allocationSize的值生成主键值。', '2020-04-09 17:36:21', '43', 'admin');
INSERT INTO `tcomment` VALUES ('22', '8080808888', '2020-04-09 19:41:12', '4', 'admin');
INSERT INTO `tcomment` VALUES ('23', '8888888888888', '2020-04-10 11:07:22', '4', 'eeeeeee');
INSERT INTO `tcomment` VALUES ('24', '888888888888888', '2020-04-10 11:24:14', '44', '游客127.0.0.1');

-- ----------------------------
-- Table structure for tmessage
-- ----------------------------
DROP TABLE IF EXISTS `tmessage`;
CREATE TABLE `tmessage` (
  `MessageID` int(11) NOT NULL AUTO_INCREMENT,
  `GuestName` varchar(20) NOT NULL COMMENT '表明发帖人姓名',
  `MessageContent` text NOT NULL,
  `MessageTime` datetime NOT NULL,
  `Reply` text,
  `IsPass` int(1) NOT NULL COMMENT '是否通过了验证  1  /0 ',
  `MessKind` varchar(50) NOT NULL COMMENT '帖子所属模块',
  `MessageTitle` varchar(30) NOT NULL,
  `ClickNumber` int(1) NOT NULL,
  `IsTop` int(1) NOT NULL,
  `LastCommentTime` datetime NOT NULL,
  PRIMARY KEY (`MessageID`)
) ENGINE=InnoDB AUTO_INCREMENT=45 DEFAULT CHARSET=utf8;

-- ----------------------------
-- Records of tmessage
-- ----------------------------
INSERT INTO `tmessage` VALUES ('1', 'zs', '大概故事是骨在妖神大战前去了异朽阁，萌生死志的她得知悯生剑是杀死妖神的唯一办法，她想在死之前复活东方和绿鞘，作为交易她将洪荒之力封印进十方神器内。妖神大战骨中了悯生剑后对天下神谕，除了白子画和杀阡陌、竹染，其余仙界众人和妖魔界十二年记忆全失，回到了从前，死去的也复活了（但是朔风没有复活，因为炎水玉已经归位。人界没有变化，孟玄朗一直在蜀国做皇上。另外，妖神出世后蛮荒很多妖魔也逃了出来作乱或加入了七杀，因为蛮荒属六界之外，神谕无法抵达，只是蛮荒出口恢复到了12年前的被封印状态，但是神谕使得妖魔和堕仙们都集中到了一起，在穷极之门那里）。之后白要自断筋脉殉情，被骨救活又下了不老不死不伤不灭的神谕，骨死后白开始发疯，此时那里只剩下了竹染，后来苏醒过来的杀阡陌和复活的东方彧卿也赶到，他们合力将玄镇尺打入白子画的脑中也封印了白这12年的记忆（这里借鉴了忧鸣曲里草云楼主的idea）', '2020-03-26 09:44:01', '七杀殿，竹染走进冰室里，缓缓靠近琉夏的冰棺，看着她栩栩如生的容颜，用手抚摸着凉彻刺骨的坚冰，思绪也飘到了很多年前……那年他七岁，他的娘是个漂亮温婉的女人，只是脸上总带着他不明白的淡淡哀伤，有时候脾气会变得阴郁古怪起来。他娘只教他武功，从来没有教过他任何法术，竹染再次追问娘他的爹到底是谁时，他娘跟他说要带着他去找他爹，让他以后随他爹去修仙，因为他的爹是个神仙。于是竹染高高兴兴的跟着娘来到了长留山后山，娘说让他先藏起来，在那里听着，等叫他时要给他爹一个惊喜，可是结果——他却眼睁睁看着那个人不仅不承认他娘，还狠心将剑刺入了她的心窝。临死前他娘惊讶的低喊：“摩严，你怎能……”他记住了这个名字，立志要为娘报仇，于是开始苦练武功……\r\n\r\n十七岁时，长留招收新弟子竹染拜入了长留门下，他再次见到了仇人，得悉他是掌门首座弟子，身份法力都是他遥不可及的。和竹染一起拜入长留的还有琉夏，他性格非常孤僻，很多人都躲着他，唯有琉夏愿意接近他，她的笑容像温暖清澈的小溪一样，渐渐流进了他心里。入长留之后他知道了十方神器的故事，知道了各大仙派分别镇守一件神器，而长留保管的是流光琴。十方神器凑齐解开墟洞封印，就会得到洪荒之力，拥有了洪荒之力就算是拥有毁天灭地的力量，成为了这世上最强大的人。但是神器的保管非常严密，恐怕只有掌门的四大弟子才有机会一窥真容。', '0', '科技', '22222', '15', '0', '2020-03-26 09:44:01');
INSERT INTO `tmessage` VALUES ('2', 'zs', '七杀殿，竹染走进冰室里，缓缓靠近琉夏的冰棺，看着她栩栩如生的容颜，用手抚摸着凉彻刺骨的坚冰，思绪也飘到了很多年前……那年他七岁，他的娘是个漂亮温婉的女人，只是脸上总带着他不明白的淡淡哀伤，有时候脾气会变得阴郁古怪起来。他娘只教他武功，从来没有教过他任何法术，竹染再次追问娘他的爹到底是谁时，他娘跟他说要带着他去找他爹，让他以后随他爹去修仙，因为他的爹是个神仙。于是竹染高高兴兴的跟着娘来到了长留山后山，娘说让他先藏起来，在那里听着，等叫他时要给他爹一个惊喜，可是结果——他却眼睁睁看着那个人不仅不承认他娘，还狠心将剑刺入了她的心窝。临死前他娘惊讶的低喊：“摩严，你怎能……”他记住了这个名字，立志要为娘报仇，于是开始苦练武功……\r\n\r\n十七岁时，长留招收新弟子竹染拜入了长留门下，他再次见到了仇人，得悉他是掌门首座弟子，身份法力都是他遥不可及的。和竹染一起拜入长留的还有琉夏，他性格非常孤僻，很多人都躲着他，唯有琉夏愿意接近他，她的笑容像温暖清澈的小溪一样，渐渐流进了他心里。入长留之后他知道了十方神器的故事，知道了各大仙派分别镇守一件神器，而长留保管的是流光琴。十方神器凑齐解开墟洞封印，就会得到洪荒之力，拥有了洪荒之力就算是拥有毁天灭地的力量，成为了这世上最强大的人。但是神器的保管非常严密，恐怕只有掌门的四大弟子才有机会一窥真容。', '2020-03-26 09:44:06', '00000000000000', '1', '科技', '22222', '22', '1', '2020-03-26 09:54:04');
INSERT INTO `tmessage` VALUES ('3', 'zs', '竹染心下思忖：看来这七杀圣君杀阡陌就是她的哥哥，而她竟然是魔界圣使、下一任的圣君。可是她身上为何没有丝毫魔气？又为什么混入了长留？难道——是为了神器而来？想起琉夏那些试探性的话语，他突然间明白了……琉夏是为了流光琴而混入长留，接近自己也不过是因为他是掌门座下大弟子摩严的首徒，更是在知晓了流光琴由他师父摩严保管后向他表白示爱，这一切原来只是一场戏，琉夏她从来没有真正爱过自己，自己不过是她玩弄的一枚棋子罢了……\r\n\r\n那一晚，他去找清流一杯接一杯的喝着酒，喝得酩酊大醉，含含糊糊的说着：“琉夏，我对你一片真心，而你呢，你骗了我，你根本就不爱我……”“为什么？琉夏，为什么？”清醒之后摩严对此大发雷霆，虽然他诚恳的向他表示了忏悔，摩严还是严厉的惩罚了他。从此他把自己的感情深深的埋葬了起来，他也没有对任何人揭露琉夏的身份，甚至偶尔还会与琉夏私会相见，眼中总是在看着她的背影时流露出冰冷的寒光……', '2020-03-26 09:44:07', '第二章：死意已决(1)\r\n去蜀国皇宫看完孟玄朗和轻水后，妖神花千骨又去了遥歌城的异朽阁。东方彧卿在决定入蛮荒接花千骨出来之时就遣散了所有异朽阁的朽卫和下人，此时门庭冷落早不复当年的繁华景象，那森严而神秘的大门紧闭，一个粗大的铜锁锁住了门环，甚至那里都已经结了一层层的蜘蛛网。花千骨直接用不归砚移身到通天塔内，塔内依然整齐，但是落满了灰尘。推开那道密室的门，她看到挂着的数千条舌头因为长期缺少滋养都已经枯萎变色了，甚至有些已经成了肉干。\r\n\r\n虽然已经是妖神之身，对这样的场景还是感到不太适应。花千骨定了定神，忍住作呕的冲动，从墟鼎里拿出炎水玉，生方炎水玉象征生生不息，可使枯木逢春、死人复活。她站到那些舌头下方的中心，将炎水玉高举过头顶，催动了体内的洪荒之力，炎水玉渐渐发出银色的光芒，光芒越来越盛，将整个密室笼罩了起来。一根根枯萎的舌头似受到滋润般开始舒展开来，渐渐恢复了粉红色而有了生机，又开始有了嘈杂的交谈之声。', '1', '科技', '22222', '5', '0', '2020-03-26 09:44:07');
INSERT INTO `tmessage` VALUES ('4', 'ww', '时，长留招收新弟子竹染拜入了长留门下，他再次见到了仇人，得悉他是掌门首座弟子，身份法力都是他遥不可及的。和竹染一起拜入长留的还有琉夏，他性格非常孤僻，很多人都躲着他，唯有琉夏愿意接近他，她的笑容像温暖清澈的小溪一样，渐渐流进了他心里。入长留之后他知道了十方神器的故事，知道了各大仙派分别镇守一件神器，而长留保管的是流光琴。十方神器凑齐解开墟洞封印，就会得到洪荒之力，拥有了洪荒之力就算是拥有毁天灭地的力量，成为了这世上最强大的人。但是神器的保管非常严密，恐怕只有掌门的四大弟子才有机会一窥真容。\r\n\r\n竹染从来没有忘记仇恨，没有忘记来长留的目的，他见摩严一次仇恨便增加了一层。但是摩严在法力和剑术上比他强了太多，他根本无法望其项背，更别提打败他了。渐渐的竹染学会了隐藏自己，他暗中有了计划：接下来的仙剑大会，据说掌门的弟子们很可能要首次开府收徒，他要成为摩严的弟子才有机会接近他，他更加勤奋的练功……\r\n\r\n十八岁时，竹染在仙剑大会上脱颖而出拿到了魁首，摩严果然看中了他的资质收他为第一个入室弟子住进了贪婪殿内。摩严传他剑术和法术，他渐渐知道了摩严最在乎的东西是长留的名誉和天下的安危——他也明白即便杀了摩严其实并不能真正解恨，只有亲手毁了他最在乎的东西，看着他痛苦才是对他毁灭性的报复。竹染会时不时想起琉夏，因琉夏拜入了医药阁长老的门下，他经常下殿去找琉夏练剑，琉夏也央求着要看看贪婪殿的样子，他会趁摩严不在的时候带琉夏偷偷去贪婪殿玩…..\r\n\r\n在摩严的悉心教导下，竹染进步很快，但是他依然比摩严差得多。某次无意中他的手接触三生池水，他发现他竟然对绝情池水有了反应，才惊觉自己对琉夏产生了情愫。他知道师父摩严很反感这种事，若让他知道定会大发雷霆，于是竹染小心隐藏着。某一天他看到摩严从墟鼎中拿出一个流光溢彩的竖琴来，摩严告诉他——这就是流光琴，因为七杀派蠢蠢欲动，杀阡陌已经抢夺了几个门派的神器，为保险起见衍道特地将流光琴交给了他保管……', '2020-03-26 09:44:08', '4', '1', '科技', '22222', '49', '0', '2020-04-10 11:07:22');
INSERT INTO `tmessage` VALUES ('6', 'zs', '11111111111111时，长留招收新弟子竹染拜入了长留门下，他再次见到了仇人，得悉他是掌门首座弟子，身份法力都是他遥不可及的。和竹染一起拜入长留的还有琉夏，他性格非常孤僻，很多人都躲着他，唯有琉夏愿意接近他，她的笑容像温暖清澈的小溪一样，渐渐流进了他心里。入长留之后他知道了十方神器的故事，知道了各大仙派分别镇守一件神器，而长留保管的是流光琴。十方神器凑齐解开墟洞封印，就会得到洪荒之力，拥有了洪荒之力就算是拥有毁天灭地的力量，成为了这世上最强大的人。但是神器的保管非常严密，恐怕只有掌门的四大弟子才有机会一窥真容。\r\n\r\n竹染从来没有忘记仇恨，没有忘记来长留的目的，他见摩严一次仇恨便增加了一层。但是摩严在法力和剑术上比他强了太多，他根本无法望其项背，更别提打败他了。渐渐的竹染学会了隐藏自己，他暗中有了计划：接下来的仙剑大会，据说掌门的弟子们很可能要首次开府收徒，他要成为摩严的弟子才有机会接近他，他更加勤奋的练功……\r\n\r\n十八岁时，竹染在仙剑大会上脱颖而出拿到了魁首，摩严果然看中了他的资质收他为第一个入室弟子住进了贪婪殿内。摩严传他剑术和法术，他渐渐知道了摩严最在乎的东西是长留的名誉和天下的安危——他也明白即便杀了摩严其实并不能真正解恨，只有亲手毁了他最在乎的东西，看着他痛苦才是对他毁灭性的报复。竹染会时不时想起琉夏，因琉夏拜入了医药阁长老的门下，他经常下殿去找琉夏练剑，琉夏也央求着要看看贪婪殿的样子，他会趁摩严不在的时候带琉夏偷偷去贪婪殿玩…..\r\n\r\n在摩严的悉心教导下，竹染进步很快，但是他依然比摩严差得多。某次无意中他的手接触三生池水，他发现他竟然对绝情池水有了反应，才惊觉自己对琉夏产生了情愫。他知道师父摩严很反感这种事，若让他知道定会大发雷霆，于是竹染小心隐藏着。某一天他看到摩严从墟鼎中拿出一个流光溢彩的竖琴来，摩严告诉他——这就是流光琴，因为七杀派蠢蠢欲动，杀阡陌已经抢夺了几个门派的神器，为保险起见衍道特地将流光琴交给了他保管……', '2020-03-26 09:44:08', '第二章：死意已决(1)\r\n去蜀国皇宫看完孟玄朗和轻水后，妖神花千骨又去了遥歌城的异朽阁。东方彧卿在决定入蛮荒接花千骨出来之时就遣散了所有异朽阁的朽卫和下人，此时门庭冷落早不复当年的繁华景象，那森严而神秘的大门紧闭，一个粗大的铜锁锁住了门环，甚至那里都已经结了一层层的蜘蛛网。花千骨直接用不归砚移身到通天塔内，塔内依然整齐，但是落满了灰尘。推开那道密室的门，她看到挂着的数千条舌头因为长期缺少滋养都已经枯萎变色了，甚至有些已经成了肉干。\r\n\r\n虽然已经是妖神之身，对这样的场景还是感到不太适应。花千骨定了定神，忍住作呕的冲动，从墟鼎里拿出炎水玉，生方炎水玉象征生生不息，可使枯木逢春、死人复活。她站到那些舌头下方的中心，将炎水玉高举过头顶，催动了体内的洪荒之力，炎水玉渐渐发出银色的光芒，光芒越来越盛，将整个密室笼罩了起来。一根根枯萎的舌头似受到滋润般开始舒展开来，渐渐恢复了粉红色而有了生机，又开始有了嘈杂的交谈之声。', '1', '科技', '标题标题', '30', '0', '2020-03-26 09:44:08');
INSERT INTO `tmessage` VALUES ('8', 'zs', '时，长留招收新弟子竹染拜入了长留门下，他再次见到了仇人，得悉他是掌门首座弟子，身份法力都是他遥不可及的。和竹染一起拜入长留的还有琉夏，他性格非常孤僻，很多人都躲着他，唯有琉夏愿意接近他，她的笑容像温暖清澈的小溪一样，渐渐流进了他心里。入长留之后他知道了十方神器的故事，知道了各大仙派分别镇守一件神器，而长留保管的是流光琴。十方神器凑齐解开墟洞封印，就会得到洪荒之力，拥有了洪荒之力就算是拥有毁天灭地的力量，成为了这世上最强大的人。但是神器的保管非常严密，恐怕只有掌门的四大弟子才有机会一窥真容。\r\n\r\n竹染从来没有忘记仇恨，没有忘记来长留的目的，他见摩严一次仇恨便增加了一层。但是摩严在法力和剑术上比他强了太多，他根本无法望其项背，更别提打败他了。渐渐的竹染学会了隐藏自己，他暗中有了计划：接下来的仙剑大会，据说掌门的弟子们很可能要首次开府收徒，他要成为摩严的弟子才有机会接近他，他更加勤奋的练功……\r\n\r\n十八岁时，竹染在仙剑大会上脱颖而出拿到了魁首，摩严果然看中了他的资质收他为第一个入室弟子住进了贪婪殿内。摩严传他剑术和法术，他渐渐知道了摩严最在乎的东西是长留的名誉和天下的安危——他也明白即便杀了摩严其实并不能真正解恨，只有亲手毁了他最在乎的东西，看着他痛苦才是对他毁灭性的报复。竹染会时不时想起琉夏，因琉夏拜入了医药阁长老的门下，他经常下殿去找琉夏练剑，琉夏也央求着要看看贪婪殿的样子，他会趁摩严不在的时候带琉夏偷偷去贪婪殿玩…..\r\n\r\n在摩严的悉心教导下，竹染进步很快，但是他依然比摩严差得多。某次无意中他的手接触三生池水，他发现他竟然对绝情池水有了反应，才惊觉自己对琉夏产生了情愫。他知道师父摩严很反感这种事，若让他知道定会大发雷霆，于是竹染小心隐藏着。某一天他看到摩严从墟鼎中拿出一个流光溢彩的竖琴来，摩严告诉他——这就是流光琴，因为七杀派蠢蠢欲动，杀阡陌已经抢夺了几个门派的神器，为保险起见衍道特地将流光琴交给了他保管……', '2020-03-26 09:44:08', '第二章：死意已决(1)\r\n去蜀国皇宫看完孟玄朗和轻水后，妖神花千骨又去了遥歌城的异朽阁。东方彧卿在决定入蛮荒接花千骨出来之时就遣散了所有异朽阁的朽卫和下人，此时门庭冷落早不复当年的繁华景象，那森严而神秘的大门紧闭，一个粗大的铜锁锁住了门环，甚至那里都已经结了一层层的蜘蛛网。花千骨直接用不归砚移身到通天塔内，塔内依然整齐，但是落满了灰尘。推开那道密室的门，她看到挂着的数千条舌头因为长期缺少滋养都已经枯萎变色了，甚至有些已经成了肉干。\r\n\r\n虽然已经是妖神之身，对这样的场景还是感到不太适应。花千骨定了定神，忍住作呕的冲动，从墟鼎里拿出炎水玉，生方炎水玉象征生生不息，可使枯木逢春、死人复活。她站到那些舌头下方的中心，将炎水玉高举过头顶，催动了体内的洪荒之力，炎水玉渐渐发出银色的光芒，光芒越来越盛，将整个密室笼罩了起来。一根根枯萎的舌头似受到滋润般开始舒展开来，渐渐恢复了粉红色而有了生机，又开始有了嘈杂的交谈之声。', '1', '生活', '标题标题', '26', '0', '2020-03-26 09:44:08');
INSERT INTO `tmessage` VALUES ('9', 'zs', '11111111111111时，长留招收新弟子竹染拜入了长留门下，他再次见到了仇人，得悉他是掌门首座弟子，身份法力都是他遥不可及的。和竹染一起拜入长留的还有琉夏，他性格非常孤僻，很多人都躲着他，唯有琉夏愿意接近他，她的笑容像温暖清澈的小溪一样，渐渐流进了他心里。入长留之后他知道了十方神器的故事，知道了各大仙派分别镇守一件神器，而长留保管的是流光琴。十方神器凑齐解开墟洞封印，就会得到洪荒之力，拥有了洪荒之力就算是拥有毁天灭地的力量，成为了这世上最强大的人。但是神器的保管非常严密，恐怕只有掌门的四大弟子才有机会一窥真容。\r\n\r\n竹染从来没有忘记仇恨，没有忘记来长留的目的，他见摩严一次仇恨便增加了一层。但是摩严在法力和剑术上比他强了太多，他根本无法望其项背，更别提打败他了。渐渐的竹染学会了隐藏自己，他暗中有了计划：接下来的仙剑大会，据说掌门的弟子们很可能要首次开府收徒，他要成为摩严的弟子才有机会接近他，他更加勤奋的练功……\r\n\r\n十八岁时，竹染在仙剑大会上脱颖而出拿到了魁首，摩严果然看中了他的资质收他为第一个入室弟子住进了贪婪殿内。摩严传他剑术和法术，他渐渐知道了摩严最在乎的东西是长留的名誉和天下的安危——他也明白即便杀了摩严其实并不能真正解恨，只有亲手毁了他最在乎的东西，看着他痛苦才是对他毁灭性的报复。竹染会时不时想起琉夏，因琉夏拜入了医药阁长老的门下，他经常下殿去找琉夏练剑，琉夏也央求着要看看贪婪殿的样子，他会趁摩严不在的时候带琉夏偷偷去贪婪殿玩…..\r\n\r\n在摩严的悉心教导下，竹染进步很快，但是他依然比摩严差得多。某次无意中他的手接触三生池水，他发现他竟然对绝情池水有了反应，才惊觉自己对琉夏产生了情愫。他知道师父摩严很反感这种事，若让他知道定会大发雷霆，于是竹染小心隐藏着。某一天他看到摩严从墟鼎中拿出一个流光溢彩的竖琴来，摩严告诉他——这就是流光琴，因为七杀派蠢蠢欲动，杀阡陌已经抢夺了几个门派的神器，为保险起见衍道特地将流光琴交给了他保管……', '2020-03-26 09:44:08', '第二章：死意已决(1)\r\n去蜀国皇宫看完孟玄朗和轻水后，妖神花千骨又去了遥歌城的异朽阁。东方彧卿在决定入蛮荒接花千骨出来之时就遣散了所有异朽阁的朽卫和下人，此时门庭冷落早不复当年的繁华景象，那森严而神秘的大门紧闭，一个粗大的铜锁锁住了门环，甚至那里都已经结了一层层的蜘蛛网。花千骨直接用不归砚移身到通天塔内，塔内依然整齐，但是落满了灰尘。推开那道密室的门，她看到挂着的数千条舌头因为长期缺少滋养都已经枯萎变色了，甚至有些已经成了肉干。\r\n\r\n虽然已经是妖神之身，对这样的场景还是感到不太适应。花千骨定了定神，忍住作呕的冲动，从墟鼎里拿出炎水玉，生方炎水玉象征生生不息，可使枯木逢春、死人复活。她站到那些舌头下方的中心，将炎水玉高举过头顶，催动了体内的洪荒之力，炎水玉渐渐发出银色的光芒，光芒越来越盛，将整个密室笼罩了起来。一根根枯萎的舌头似受到滋润般开始舒展开来，渐渐恢复了粉红色而有了生机，又开始有了嘈杂的交谈之声。', '1', '生活', '标题标题', '25', '1', '2020-03-26 09:44:08');
INSERT INTO `tmessage` VALUES ('10', 'ww', '时，长留招收新弟子竹染拜入了长留门下，他再次见到了仇人，得悉他是掌门首座弟子，身份法力都是他遥不可及的。和竹染一起拜入长留的还有琉夏，他性格非常孤僻，很多人都躲着他，唯有琉夏愿意接近他，她的笑容像温暖清澈的小溪一样，渐渐流进了他心里。入长留之后他知道了十方神器的故事，知道了各大仙派分别镇守一件神器，而长留保管的是流光琴。十方神器凑齐解开墟洞封印，就会得到洪荒之力，拥有了洪荒之力就算是拥有毁天灭地的力量，成为了这世上最强大的人。但是神器的保管非常严密，恐怕只有掌门的四大弟子才有机会一窥真容。\r\n\r\n竹染从来没有忘记仇恨，没有忘记来长留的目的，他见摩严一次仇恨便增加了一层。但是摩严在法力和剑术上比他强了太多，他根本无法望其项背，更别提打败他了。渐渐的竹染学会了隐藏自己，他暗中有了计划：接下来的仙剑大会，据说掌门的弟子们很可能要首次开府收徒，他要成为摩严的弟子才有机会接近他，他更加勤奋的练功……\r\n\r\n十八岁时，竹染在仙剑大会上脱颖而出拿到了魁首，摩严果然看中了他的资质收他为第一个入室弟子住进了贪婪殿内。摩严传他剑术和法术，他渐渐知道了摩严最在乎的东西是长留的名誉和天下的安危——他也明白即便杀了摩严其实并不能真正解恨，只有亲手毁了他最在乎的东西，看着他痛苦才是对他毁灭性的报复。竹染会时不时想起琉夏，因琉夏拜入了医药阁长老的门下，他经常下殿去找琉夏练剑，琉夏也央求着要看看贪婪殿的样子，他会趁摩严不在的时候带琉夏偷偷去贪婪殿玩…..\r\n\r\n在摩严的悉心教导下，竹染进步很快，但是他依然比摩严差得多。某次无意中他的手接触三生池水，他发现他竟然对绝情池水有了反应，才惊觉自己对琉夏产生了情愫。他知道师父摩严很反感这种事，若让他知道定会大发雷霆，于是竹染小心隐藏着。某一天他看到摩严从墟鼎中拿出一个流光溢彩的竖琴来，摩严告诉他——这就是流光琴，因为七杀派蠢蠢欲动，杀阡陌已经抢夺了几个门派的神器，为保险起见衍道特地将流光琴交给了他保管……', '2020-03-26 09:44:08', '第二章：死意已决(1)\r\n去蜀国皇宫看完孟玄朗和轻水后，妖神花千骨又去了遥歌城的异朽阁。东方彧卿在决定入蛮荒接花千骨出来之时就遣散了所有异朽阁的朽卫和下人，此时门庭冷落早不复当年的繁华景象，那森严而神秘的大门紧闭，一个粗大的铜锁锁住了门环，甚至那里都已经结了一层层的蜘蛛网。花千骨直接用不归砚移身到通天塔内，塔内依然整齐，但是落满了灰尘。推开那道密室的门，她看到挂着的数千条舌头因为长期缺少滋养都已经枯萎变色了，甚至有些已经成了肉干。\r\n\r\n虽然已经是妖神之身，对这样的场景还是感到不太适应。花千骨定了定神，忍住作呕的冲动，从墟鼎里拿出炎水玉，生方炎水玉象征生生不息，可使枯木逢春、死人复活。她站到那些舌头下方的中心，将炎水玉高举过头顶，催动了体内的洪荒之力，炎水玉渐渐发出银色的光芒，光芒越来越盛，将整个密室笼罩了起来。一根根枯萎的舌头似受到滋润般开始舒展开来，渐渐恢复了粉红色而有了生机，又开始有了嘈杂的交谈之声。', '1', '生活', '标题标题', '25', '0', '2020-03-26 09:44:08');
INSERT INTO `tmessage` VALUES ('11', 'zs', '千骨眼眸闪硕着坚定的光芒：“好，我与你做这个交易。”自从白子画削肉剔骨之时，她早已绝望，能够死之前把他们复活就再无遗憾了，但是困惑她的是自从她成为妖神之后任何伤都很快自动愈合，哪怕是刺到要害，她想死却死不了。抬起泪眸，花千骨再一次发问：“现在请你告诉我：如何杀死妖神？”“妖神之身只有神器才能杀得死。”“悯生剑？”“对，悯生剑刺中妖神要害。”“谢谢。”\r\n\r\n花千骨回到七杀殿，竹染毕恭毕敬的迎了上来：“神尊。”“我去冰室闭关，任何人都不许打扰我。”“是。”拖着深重的步伐，花千骨又进入了七杀殿的冰室中，四面都是冰蓝的幽光，给她火红的衣裙染上了妖异的色彩，她从墟鼎中取出神器开始炼化。也不知过了多久，花千骨疲惫的走了出来。\r\n\r\n竹染看着她的背影满眼疼惜，在蛮荒过了漫长的上百年之后，他遇到了花千骨，因为宫铃的原因他知道这个重伤的女孩来自长留，所以多看了她几眼。即使丑陋的疤痕也盖不住她清丽的脸，竹染发现她竟然与琉夏有几分相似，使他生了恻隐之心而救了她。后来竹染知道了花千骨身负洪荒之力的秘密，虽然他利用了她想要找摩严报仇，但是在知道了她和白子画的一切故事后，知道她竟然为了白子画做到了集齐神器后亦对她刮目相看，甚至生出了几分敬佩之意。竹染也经历过爱而不能或者爱而不得的矛盾与挣扎，所以可以说他最懂她心里的苦。\r\n\r\n竹染想帮花千骨，甚至在白子画的水里偷偷下了春药，但是没想到后来他看到的却是白子画手臂鲜血淋漓的离去，而花千骨的脸一天比一天冷，一天比一天绝望。他很心疼她，他不知道她打算下一步要做什么。一连几日，竹染觉察出花千骨的神力似乎越来越弱，他很担心，暗中观察着她，某天晚上他看到花千骨抱着杀阡陌的冰棺喃喃的说着：“姐姐，妖神不死，六界难安，没有其他办法可以杀死妖神，只有悯生剑。姐姐，你再安静的睡会儿，我会在死之前唤醒你。师父，到时候我会还你一个安宁的六界，以后你还是那个高高在上的长留上仙，但是——我要让你永远记住我。”\r\n', '2020-03-26 09:44:08', '第二章：死意已决(1)\r\n去蜀国皇宫看完孟玄朗和轻水后，妖神花千骨又去了遥歌城的异朽阁。东方彧卿在决定入蛮荒接花千骨出来之时就遣散了所有异朽阁的朽卫和下人，此时门庭冷落早不复当年的繁华景象，那森严而神秘的大门紧闭，一个粗大的铜锁锁住了门环，甚至那里都已经结了一层层的蜘蛛网。花千骨直接用不归砚移身到通天塔内，塔内依然整齐，但是落满了灰尘。推开那道密室的门，她看到挂着的数千条舌头因为长期缺少滋养都已经枯萎变色了，甚至有些已经成了肉干。\r\n\r\n虽然已经是妖神之身，对这样的场景还是感到不太适应。花千骨定了定神，忍住作呕的冲动，从墟鼎里拿出炎水玉，生方炎水玉象征生生不息，可使枯木逢春、死人复活。她站到那些舌头下方的中心，将炎水玉高举过头顶，催动了体内的洪荒之力，炎水玉渐渐发出银色的光芒，光芒越来越盛，将整个密室笼罩了起来。一根根枯萎的舌头似受到滋润般开始舒展开来，渐渐恢复了粉红色而有了生机，又开始有了嘈杂的交谈之声。', '1', '生活', '标题标题', '31', '0', '2020-03-26 09:44:08');
INSERT INTO `tmessage` VALUES ('12', 'zs', '11111111111111千骨眼眸闪硕着坚定的光芒：“好，我与你做这个交易。”自从白子画削肉剔骨之时，她早已绝望，能够死之前把他们复活就再无遗憾了，但是困惑她的是自从她成为妖神之后任何伤都很快自动愈合，哪怕是刺到要害，她想死却死不了。抬起泪眸，花千骨再一次发问：“现在请你告诉我：如何杀死妖神？”“妖神之身只有神器才能杀得死。”“悯生剑？”“对，悯生剑刺中妖神要害。”“谢谢。”\r\n\r\n花千骨回到七杀殿，竹染毕恭毕敬的迎了上来：“神尊。”“我去冰室闭关，任何人都不许打扰我。”“是。”拖着深重的步伐，花千骨又进入了七杀殿的冰室中，四面都是冰蓝的幽光，给她火红的衣裙染上了妖异的色彩，她从墟鼎中取出神器开始炼化。也不知过了多久，花千骨疲惫的走了出来。\r\n\r\n竹染看着她的背影满眼疼惜，在蛮荒过了漫长的上百年之后，他遇到了花千骨，因为宫铃的原因他知道这个重伤的女孩来自长留，所以多看了她几眼。即使丑陋的疤痕也盖不住她清丽的脸，竹染发现她竟然与琉夏有几分相似，使他生了恻隐之心而救了她。后来竹染知道了花千骨身负洪荒之力的秘密，虽然他利用了她想要找摩严报仇，但是在知道了她和白子画的一切故事后，知道她竟然为了白子画做到了集齐神器后亦对她刮目相看，甚至生出了几分敬佩之意。竹染也经历过爱而不能或者爱而不得的矛盾与挣扎，所以可以说他最懂她心里的苦。\r\n\r\n竹染想帮花千骨，甚至在白子画的水里偷偷下了春药，但是没想到后来他看到的却是白子画手臂鲜血淋漓的离去，而花千骨的脸一天比一天冷，一天比一天绝望。他很心疼她，他不知道她打算下一步要做什么。一连几日，竹染觉察出花千骨的神力似乎越来越弱，他很担心，暗中观察着她，某天晚上他看到花千骨抱着杀阡陌的冰棺喃喃的说着：“姐姐，妖神不死，六界难安，没有其他办法可以杀死妖神，只有悯生剑。姐姐，你再安静的睡会儿，我会在死之前唤醒你。师父，到时候我会还你一个安宁的六界，以后你还是那个高高在上的长留上仙，但是——我要让你永远记住我。”\r\n', '2020-03-26 09:44:08', '第二章：死意已决(1)\r\n去蜀国皇宫看完孟玄朗和轻水后，妖神花千骨又去了遥歌城的异朽阁。东方彧卿在决定入蛮荒接花千骨出来之时就遣散了所有异朽阁的朽卫和下人，此时门庭冷落早不复当年的繁华景象，那森严而神秘的大门紧闭，一个粗大的铜锁锁住了门环，甚至那里都已经结了一层层的蜘蛛网。花千骨直接用不归砚移身到通天塔内，塔内依然整齐，但是落满了灰尘。推开那道密室的门，她看到挂着的数千条舌头因为长期缺少滋养都已经枯萎变色了，甚至有些已经成了肉干。\r\n\r\n虽然已经是妖神之身，对这样的场景还是感到不太适应。花千骨定了定神，忍住作呕的冲动，从墟鼎里拿出炎水玉，生方炎水玉象征生生不息，可使枯木逢春、死人复活。她站到那些舌头下方的中心，将炎水玉高举过头顶，催动了体内的洪荒之力，炎水玉渐渐发出银色的光芒，光芒越来越盛，将整个密室笼罩了起来。一根根枯萎的舌头似受到滋润般开始舒展开来，渐渐恢复了粉红色而有了生机，又开始有了嘈杂的交谈之声。', '1', '生活', '标题标题', '28', '0', '2020-03-26 09:44:08');
INSERT INTO `tmessage` VALUES ('14', 'zs', '千骨眼眸闪硕着坚定的光芒：“好，我与你做这个交易。”自从白子画削肉剔骨之时，她早已绝望，能够死之前把他们复活就再无遗憾了，但是困惑她的是自从她成为妖神之后任何伤都很快自动愈合，哪怕是刺到要害，她想死却死不了。抬起泪眸，花千骨再一次发问：“现在请你告诉我：如何杀死妖神？”“妖神之身只有神器才能杀得死。”“悯生剑？”“对，悯生剑刺中妖神要害。”“谢谢。”\r\n\r\n花千骨回到七杀殿，竹染毕恭毕敬的迎了上来：“神尊。”“我去冰室闭关，任何人都不许打扰我。”“是。”拖着深重的步伐，花千骨又进入了七杀殿的冰室中，四面都是冰蓝的幽光，给她火红的衣裙染上了妖异的色彩，她从墟鼎中取出神器开始炼化。也不知过了多久，花千骨疲惫的走了出来。\r\n\r\n竹染看着她的背影满眼疼惜，在蛮荒过了漫长的上百年之后，他遇到了花千骨，因为宫铃的原因他知道这个重伤的女孩来自长留，所以多看了她几眼。即使丑陋的疤痕也盖不住她清丽的脸，竹染发现她竟然与琉夏有几分相似，使他生了恻隐之心而救了她。后来竹染知道了花千骨身负洪荒之力的秘密，虽然他利用了她想要找摩严报仇，但是在知道了她和白子画的一切故事后，知道她竟然为了白子画做到了集齐神器后亦对她刮目相看，甚至生出了几分敬佩之意。竹染也经历过爱而不能或者爱而不得的矛盾与挣扎，所以可以说他最懂她心里的苦。\r\n\r\n竹染想帮花千骨，甚至在白子画的水里偷偷下了春药，但是没想到后来他看到的却是白子画手臂鲜血淋漓的离去，而花千骨的脸一天比一天冷，一天比一天绝望。他很心疼她，他不知道她打算下一步要做什么。一连几日，竹染觉察出花千骨的神力似乎越来越弱，他很担心，暗中观察着她，某天晚上他看到花千骨抱着杀阡陌的冰棺喃喃的说着：“姐姐，妖神不死，六界难安，没有其他办法可以杀死妖神，只有悯生剑。姐姐，你再安静的睡会儿，我会在死之前唤醒你。师父，到时候我会还你一个安宁的六界，以后你还是那个高高在上的长留上仙，但是——我要让你永远记住我。”\r\n', '2020-03-26 09:44:08', '第二章：死意已决(1)\r\n去蜀国皇宫看完孟玄朗和轻水后，妖神花千骨又去了遥歌城的异朽阁。东方彧卿在决定入蛮荒接花千骨出来之时就遣散了所有异朽阁的朽卫和下人，此时门庭冷落早不复当年的繁华景象，那森严而神秘的大门紧闭，一个粗大的铜锁锁住了门环，甚至那里都已经结了一层层的蜘蛛网。花千骨直接用不归砚移身到通天塔内，塔内依然整齐，但是落满了灰尘。推开那道密室的门，她看到挂着的数千条舌头因为长期缺少滋养都已经枯萎变色了，甚至有些已经成了肉干。\r\n\r\n虽然已经是妖神之身，对这样的场景还是感到不太适应。花千骨定了定神，忍住作呕的冲动，从墟鼎里拿出炎水玉，生方炎水玉象征生生不息，可使枯木逢春、死人复活。她站到那些舌头下方的中心，将炎水玉高举过头顶，催动了体内的洪荒之力，炎水玉渐渐发出银色的光芒，光芒越来越盛，将整个密室笼罩了起来。一根根枯萎的舌头似受到滋润般开始舒展开来，渐渐恢复了粉红色而有了生机，又开始有了嘈杂的交谈之声。', '1', '生活', '标题标题', '28', '0', '2020-03-26 09:44:08');
INSERT INTO `tmessage` VALUES ('16', 'ww', '千骨眼眸闪硕着坚定的光芒：“好，我与你做这个交易。”自从白子画削肉剔骨之时，她早已绝望，能够死之前把他们复活就再无遗憾了，但是困惑她的是自从她成为妖神之后任何伤都很快自动愈合，哪怕是刺到要害，她想死却死不了。抬起泪眸，花千骨再一次发问：“现在请你告诉我：如何杀死妖神？”“妖神之身只有神器才能杀得死。”“悯生剑？”“对，悯生剑刺中妖神要害。”“谢谢。”\r\n\r\n花千骨回到七杀殿，竹染毕恭毕敬的迎了上来：“神尊。”“我去冰室闭关，任何人都不许打扰我。”“是。”拖着深重的步伐，花千骨又进入了七杀殿的冰室中，四面都是冰蓝的幽光，给她火红的衣裙染上了妖异的色彩，她从墟鼎中取出神器开始炼化。也不知过了多久，花千骨疲惫的走了出来。\r\n\r\n竹染看着她的背影满眼疼惜，在蛮荒过了漫长的上百年之后，他遇到了花千骨，因为宫铃的原因他知道这个重伤的女孩来自长留，所以多看了她几眼。即使丑陋的疤痕也盖不住她清丽的脸，竹染发现她竟然与琉夏有几分相似，使他生了恻隐之心而救了她。后来竹染知道了花千骨身负洪荒之力的秘密，虽然他利用了她想要找摩严报仇，但是在知道了她和白子画的一切故事后，知道她竟然为了白子画做到了集齐神器后亦对她刮目相看，甚至生出了几分敬佩之意。竹染也经历过爱而不能或者爱而不得的矛盾与挣扎，所以可以说他最懂她心里的苦。\r\n\r\n竹染想帮花千骨，甚至在白子画的水里偷偷下了春药，但是没想到后来他看到的却是白子画手臂鲜血淋漓的离去，而花千骨的脸一天比一天冷，一天比一天绝望。他很心疼她，他不知道她打算下一步要做什么。一连几日，竹染觉察出花千骨的神力似乎越来越弱，他很担心，暗中观察着她，某天晚上他看到花千骨抱着杀阡陌的冰棺喃喃的说着：“姐姐，妖神不死，六界难安，没有其他办法可以杀死妖神，只有悯生剑。姐姐，你再安静的睡会儿，我会在死之前唤醒你。师父，到时候我会还你一个安宁的六界，以后你还是那个高高在上的长留上仙，但是——我要让你永远记住我。”\r\n', '2020-03-26 09:44:08', '第二章：死意已决(1)\r\n去蜀国皇宫看完孟玄朗和轻水后，妖神花千骨又去了遥歌城的异朽阁。东方彧卿在决定入蛮荒接花千骨出来之时就遣散了所有异朽阁的朽卫和下人，此时门庭冷落早不复当年的繁华景象，那森严而神秘的大门紧闭，一个粗大的铜锁锁住了门环，甚至那里都已经结了一层层的蜘蛛网。花千骨直接用不归砚移身到通天塔内，塔内依然整齐，但是落满了灰尘。推开那道密室的门，她看到挂着的数千条舌头因为长期缺少滋养都已经枯萎变色了，甚至有些已经成了肉干。\r\n\r\n虽然已经是妖神之身，对这样的场景还是感到不太适应。花千骨定了定神，忍住作呕的冲动，从墟鼎里拿出炎水玉，生方炎水玉象征生生不息，可使枯木逢春、死人复活。她站到那些舌头下方的中心，将炎水玉高举过头顶，催动了体内的洪荒之力，炎水玉渐渐发出银色的光芒，光芒越来越盛，将整个密室笼罩了起来。一根根枯萎的舌头似受到滋润般开始舒展开来，渐渐恢复了粉红色而有了生机，又开始有了嘈杂的交谈之声。', '1', '科技', '标题标题', '26', '1', '2020-03-26 09:44:08');
INSERT INTO `tmessage` VALUES ('17', 'zs', '11111111111111', '2020-03-26 09:44:08', '第二章：死意已决(1)\r\n去蜀国皇宫看完孟玄朗和轻水后，妖神花千骨又去了遥歌城的异朽阁。东方彧卿在决定入蛮荒接花千骨出来之时就遣散了所有异朽阁的朽卫和下人，此时门庭冷落早不复当年的繁华景象，那森严而神秘的大门紧闭，一个粗大的铜锁锁住了门环，甚至那里都已经结了一层层的蜘蛛网。花千骨直接用不归砚移身到通天塔内，塔内依然整齐，但是落满了灰尘。推开那道密室的门，她看到挂着的数千条舌头因为长期缺少滋养都已经枯萎变色了，甚至有些已经成了肉干。\r\n\r\n虽然已经是妖神之身，对这样的场景还是感到不太适应。花千骨定了定神，忍住作呕的冲动，从墟鼎里拿出炎水玉，生方炎水玉象征生生不息，可使枯木逢春、死人复活。她站到那些舌头下方的中心，将炎水玉高举过头顶，催动了体内的洪荒之力，炎水玉渐渐发出银色的光芒，光芒越来越盛，将整个密室笼罩了起来。一根根枯萎的舌头似受到滋润般开始舒展开来，渐渐恢复了粉红色而有了生机，又开始有了嘈杂的交谈之声。', '1', '科技', '标题标题', '28', '0', '2020-03-26 09:44:08');
INSERT INTO `tmessage` VALUES ('18', 'zs', '千骨眼眸闪硕着坚定的光芒：“好，我与你做这个交易。”自从白子画削肉剔骨之时，她早已绝望，能够死之前把他们复活就再无遗憾了，但是困惑她的是自从她成为妖神之后任何伤都很快自动愈合，哪怕是刺到要害，她想死却死不了。抬起泪眸，花千骨再一次发问：“现在请你告诉我：如何杀死妖神？”“妖神之身只有神器才能杀得死。”“悯生剑？”“对，悯生剑刺中妖神要害。”“谢谢。”\r\n\r\n花千骨回到七杀殿，竹染毕恭毕敬的迎了上来：“神尊。”“我去冰室闭关，任何人都不许打扰我。”“是。”拖着深重的步伐，花千骨又进入了七杀殿的冰室中，四面都是冰蓝的幽光，给她火红的衣裙染上了妖异的色彩，她从墟鼎中取出神器开始炼化。也不知过了多久，花千骨疲惫的走了出来。\r\n\r\n竹染看着她的背影满眼疼惜，在蛮荒过了漫长的上百年之后，他遇到了花千骨，因为宫铃的原因他知道这个重伤的女孩来自长留，所以多看了她几眼。即使丑陋的疤痕也盖不住她清丽的脸，竹染发现她竟然与琉夏有几分相似，使他生了恻隐之心而救了她。后来竹染知道了花千骨身负洪荒之力的秘密，虽然他利用了她想要找摩严报仇，但是在知道了她和白子画的一切故事后，知道她竟然为了白子画做到了集齐神器后亦对她刮目相看，甚至生出了几分敬佩之意。竹染也经历过爱而不能或者爱而不得的矛盾与挣扎，所以可以说他最懂她心里的苦。\r\n\r\n竹染想帮花千骨，甚至在白子画的水里偷偷下了春药，但是没想到后来他看到的却是白子画手臂鲜血淋漓的离去，而花千骨的脸一天比一天冷，一天比一天绝望。他很心疼她，他不知道她打算下一步要做什么。一连几日，竹染觉察出花千骨的神力似乎越来越弱，他很担心，暗中观察着她，某天晚上他看到花千骨抱着杀阡陌的冰棺喃喃的说着：“姐姐，妖神不死，六界难安，没有其他办法可以杀死妖神，只有悯生剑。姐姐，你再安静的睡会儿，我会在死之前唤醒你。师父，到时候我会还你一个安宁的六界，以后你还是那个高高在上的长留上仙，但是——我要让你永远记住我。”\r\n', '2020-03-26 09:44:08', '第二章：死意已决(1)\r\n去蜀国皇宫看完孟玄朗和轻水后，妖神花千骨又去了遥歌城的异朽阁。东方彧卿在决定入蛮荒接花千骨出来之时就遣散了所有异朽阁的朽卫和下人，此时门庭冷落早不复当年的繁华景象，那森严而神秘的大门紧闭，一个粗大的铜锁锁住了门环，甚至那里都已经结了一层层的蜘蛛网。花千骨直接用不归砚移身到通天塔内，塔内依然整齐，但是落满了灰尘。推开那道密室的门，她看到挂着的数千条舌头因为长期缺少滋养都已经枯萎变色了，甚至有些已经成了肉干。\r\n\r\n虽然已经是妖神之身，对这样的场景还是感到不太适应。花千骨定了定神，忍住作呕的冲动，从墟鼎里拿出炎水玉，生方炎水玉象征生生不息，可使枯木逢春、死人复活。她站到那些舌头下方的中心，将炎水玉高举过头顶，催动了体内的洪荒之力，炎水玉渐渐发出银色的光芒，光芒越来越盛，将整个密室笼罩了起来。一根根枯萎的舌头似受到滋润般开始舒展开来，渐渐恢复了粉红色而有了生机，又开始有了嘈杂的交谈之声。', '1', '科技', '标题标题', '25', '0', '2020-03-26 09:44:08');
INSERT INTO `tmessage` VALUES ('19', 'zs', '时，长留招收新弟子竹染拜入了长留门下，他再次见到了仇人，得悉他是掌门首座弟子，身份法力都是他遥不可及的。和竹染一起拜入长留的还有琉夏，他性格非常孤僻，很多人都躲着他，唯有琉夏愿意接近他，她的笑容像温暖清澈的小溪一样，渐渐流进了他心里。入长留之后他知道了十方神器的故事，知道了各大仙派分别镇守一件神器，而长留保管的是流光琴。十方神器凑齐解开墟洞封印，就会得到洪荒之力，拥有了洪荒之力就算是拥有毁天灭地的力量，成为了这世上最强大的人。但是神器的保管非常严密，恐怕只有掌门的四大弟子才有机会一窥真容。\r\n\r\n竹染从来没有忘记仇恨，没有忘记来长留的目的，他见摩严一次仇恨便增加了一层。但是摩严在法力和剑术上比他强了太多，他根本无法望其项背，更别提打败他了。渐渐的竹染学会了隐藏自己，他暗中有了计划：接下来的仙剑大会，据说掌门的弟子们很可能要首次开府收徒，他要成为摩严的弟子才有机会接近他，他更加勤奋的练功……\r\n\r\n十八岁时，竹染在仙剑大会上脱颖而出拿到了魁首，摩严果然看中了他的资质收他为第一个入室弟子住进了贪婪殿内。摩严传他剑术和法术，他渐渐知道了摩严最在乎的东西是长留的名誉和天下的安危——他也明白即便杀了摩严其实并不能真正解恨，只有亲手毁了他最在乎的东西，看着他痛苦才是对他毁灭性的报复。竹染会时不时想起琉夏，因琉夏拜入了医药阁长老的门下，他经常下殿去找琉夏练剑，琉夏也央求着要看看贪婪殿的样子，他会趁摩严不在的时候带琉夏偷偷去贪婪殿玩…..\r\n\r\n在摩严的悉心教导下，竹染进步很快，但是他依然比摩严差得多。某次无意中他的手接触三生池水，他发现他竟然对绝情池水有了反应，才惊觉自己对琉夏产生了情愫。他知道师父摩严很反感这种事，若让他知道定会大发雷霆，于是竹染小心隐藏着。某一天他看到摩严从墟鼎中拿出一个流光溢彩的竖琴来，摩严告诉他——这就是流光琴，因为七杀派蠢蠢欲动，杀阡陌已经抢夺了几个门派的神器，为保险起见衍道特地将流光琴交给了他保管……', '2020-03-26 09:44:08', '第二章：死意已决(1)\r\n去蜀国皇宫看完孟玄朗和轻水后，妖神花千骨又去了遥歌城的异朽阁。东方彧卿在决定入蛮荒接花千骨出来之时就遣散了所有异朽阁的朽卫和下人，此时门庭冷落早不复当年的繁华景象，那森严而神秘的大门紧闭，一个粗大的铜锁锁住了门环，甚至那里都已经结了一层层的蜘蛛网。花千骨直接用不归砚移身到通天塔内，塔内依然整齐，但是落满了灰尘。推开那道密室的门，她看到挂着的数千条舌头因为长期缺少滋养都已经枯萎变色了，甚至有些已经成了肉干。\r\n\r\n虽然已经是妖神之身，对这样的场景还是感到不太适应。花千骨定了定神，忍住作呕的冲动，从墟鼎里拿出炎水玉，生方炎水玉象征生生不息，可使枯木逢春、死人复活。她站到那些舌头下方的中心，将炎水玉高举过头顶，催动了体内的洪荒之力，炎水玉渐渐发出银色的光芒，光芒越来越盛，将整个密室笼罩了起来。一根根枯萎的舌头似受到滋润般开始舒展开来，渐渐恢复了粉红色而有了生机，又开始有了嘈杂的交谈之声。', '1', '计算机', '标题标题', '26', '0', '2020-03-26 09:44:08');
INSERT INTO `tmessage` VALUES ('20', 'ww', '11111111111111', '2020-03-26 09:44:08', '第二章：死意已决(1)\r\n去蜀国皇宫看完孟玄朗和轻水后，妖神花千骨又去了遥歌城的异朽阁。东方彧卿在决定入蛮荒接花千骨出来之时就遣散了所有异朽阁的朽卫和下人，此时门庭冷落早不复当年的繁华景象，那森严而神秘的大门紧闭，一个粗大的铜锁锁住了门环，甚至那里都已经结了一层层的蜘蛛网。花千骨直接用不归砚移身到通天塔内，塔内依然整齐，但是落满了灰尘。推开那道密室的门，她看到挂着的数千条舌头因为长期缺少滋养都已经枯萎变色了，甚至有些已经成了肉干。\r\n\r\n虽然已经是妖神之身，对这样的场景还是感到不太适应。花千骨定了定神，忍住作呕的冲动，从墟鼎里拿出炎水玉，生方炎水玉象征生生不息，可使枯木逢春、死人复活。她站到那些舌头下方的中心，将炎水玉高举过头顶，催动了体内的洪荒之力，炎水玉渐渐发出银色的光芒，光芒越来越盛，将整个密室笼罩了起来。一根根枯萎的舌头似受到滋润般开始舒展开来，渐渐恢复了粉红色而有了生机，又开始有了嘈杂的交谈之声。', '0', '计算机', '标题标题', '25', '0', '2020-03-26 09:44:08');
INSERT INTO `tmessage` VALUES ('21', 'zs', '千骨眼眸闪硕着坚定的光芒：“好，我与你做这个交易。”自从白子画削肉剔骨之时，她早已绝望，能够死之前把他们复活就再无遗憾了，但是困惑她的是自从她成为妖神之后任何伤都很快自动愈合，哪怕是刺到要害，她想死却死不了。抬起泪眸，花千骨再一次发问：“现在请你告诉我：如何杀死妖神？”“妖神之身只有神器才能杀得死。”“悯生剑？”“对，悯生剑刺中妖神要害。”“谢谢。”\r\n\r\n花千骨回到七杀殿，竹染毕恭毕敬的迎了上来：“神尊。”“我去冰室闭关，任何人都不许打扰我。”“是。”拖着深重的步伐，花千骨又进入了七杀殿的冰室中，四面都是冰蓝的幽光，给她火红的衣裙染上了妖异的色彩，她从墟鼎中取出神器开始炼化。也不知过了多久，花千骨疲惫的走了出来。\r\n\r\n竹染看着她的背影满眼疼惜，在蛮荒过了漫长的上百年之后，他遇到了花千骨，因为宫铃的原因他知道这个重伤的女孩来自长留，所以多看了她几眼。即使丑陋的疤痕也盖不住她清丽的脸，竹染发现她竟然与琉夏有几分相似，使他生了恻隐之心而救了她。后来竹染知道了花千骨身负洪荒之力的秘密，虽然他利用了她想要找摩严报仇，但是在知道了她和白子画的一切故事后，知道她竟然为了白子画做到了集齐神器后亦对她刮目相看，甚至生出了几分敬佩之意。竹染也经历过爱而不能或者爱而不得的矛盾与挣扎，所以可以说他最懂她心里的苦。\r\n\r\n竹染想帮花千骨，甚至在白子画的水里偷偷下了春药，但是没想到后来他看到的却是白子画手臂鲜血淋漓的离去，而花千骨的脸一天比一天冷，一天比一天绝望。他很心疼她，他不知道她打算下一步要做什么。一连几日，竹染觉察出花千骨的神力似乎越来越弱，他很担心，暗中观察着她，某天晚上他看到花千骨抱着杀阡陌的冰棺喃喃的说着：“姐姐，妖神不死，六界难安，没有其他办法可以杀死妖神，只有悯生剑。姐姐，你再安静的睡会儿，我会在死之前唤醒你。师父，到时候我会还你一个安宁的六界，以后你还是那个高高在上的长留上仙，但是——我要让你永远记住我。”\r\n', '2020-03-26 09:44:08', '第二章：死意已决(1)\r\n去蜀国皇宫看完孟玄朗和轻水后，妖神花千骨又去了遥歌城的异朽阁。东方彧卿在决定入蛮荒接花千骨出来之时就遣散了所有异朽阁的朽卫和下人，此时门庭冷落早不复当年的繁华景象，那森严而神秘的大门紧闭，一个粗大的铜锁锁住了门环，甚至那里都已经结了一层层的蜘蛛网。花千骨直接用不归砚移身到通天塔内，塔内依然整齐，但是落满了灰尘。推开那道密室的门，她看到挂着的数千条舌头因为长期缺少滋养都已经枯萎变色了，甚至有些已经成了肉干。\r\n\r\n虽然已经是妖神之身，对这样的场景还是感到不太适应。花千骨定了定神，忍住作呕的冲动，从墟鼎里拿出炎水玉，生方炎水玉象征生生不息，可使枯木逢春、死人复活。她站到那些舌头下方的中心，将炎水玉高举过头顶，催动了体内的洪荒之力，炎水玉渐渐发出银色的光芒，光芒越来越盛，将整个密室笼罩了起来。一根根枯萎的舌头似受到滋润般开始舒展开来，渐渐恢复了粉红色而有了生机，又开始有了嘈杂的交谈之声。', '0', '计算机', '标题标题', '26', '0', '2020-03-26 09:44:08');
INSERT INTO `tmessage` VALUES ('22', 'zs', '千骨眼眸闪硕着坚定的光芒：“好，我与你做这个交易。”自从白子画削肉剔骨之时，她早已绝望，能够死之前把他们复活就再无遗憾了，但是困惑她的是自从她成为妖神之后任何伤都很快自动愈合，哪怕是刺到要害，她想死却死不了。抬起泪眸，花千骨再一次发问：“现在请你告诉我：如何杀死妖神？”“妖神之身只有神器才能杀得死。”“悯生剑？”“对，悯生剑刺中妖神要害。”“谢谢。”\r\n\r\n花千骨回到七杀殿，竹染毕恭毕敬的迎了上来：“神尊。”“我去冰室闭关，任何人都不许打扰我。”“是。”拖着深重的步伐，花千骨又进入了七杀殿的冰室中，四面都是冰蓝的幽光，给她火红的衣裙染上了妖异的色彩，她从墟鼎中取出神器开始炼化。也不知过了多久，花千骨疲惫的走了出来。\r\n\r\n竹染看着她的背影满眼疼惜，在蛮荒过了漫长的上百年之后，他遇到了花千骨，因为宫铃的原因他知道这个重伤的女孩来自长留，所以多看了她几眼。即使丑陋的疤痕也盖不住她清丽的脸，竹染发现她竟然与琉夏有几分相似，使他生了恻隐之心而救了她。后来竹染知道了花千骨身负洪荒之力的秘密，虽然他利用了她想要找摩严报仇，但是在知道了她和白子画的一切故事后，知道她竟然为了白子画做到了集齐神器后亦对她刮目相看，甚至生出了几分敬佩之意。竹染也经历过爱而不能或者爱而不得的矛盾与挣扎，所以可以说他最懂她心里的苦。\r\n\r\n竹染想帮花千骨，甚至在白子画的水里偷偷下了春药，但是没想到后来他看到的却是白子画手臂鲜血淋漓的离去，而花千骨的脸一天比一天冷，一天比一天绝望。他很心疼她，他不知道她打算下一步要做什么。一连几日，竹染觉察出花千骨的神力似乎越来越弱，他很担心，暗中观察着她，某天晚上他看到花千骨抱着杀阡陌的冰棺喃喃的说着：“姐姐，妖神不死，六界难安，没有其他办法可以杀死妖神，只有悯生剑。姐姐，你再安静的睡会儿，我会在死之前唤醒你。师父，到时候我会还你一个安宁的六界，以后你还是那个高高在上的长留上仙，但是——我要让你永远记住我。”\r\n', '2020-03-26 09:44:08', '第二章：死意已决(1)\r\n去蜀国皇宫看完孟玄朗和轻水后，妖神花千骨又去了遥歌城的异朽阁。东方彧卿在决定入蛮荒接花千骨出来之时就遣散了所有异朽阁的朽卫和下人，此时门庭冷落早不复当年的繁华景象，那森严而神秘的大门紧闭，一个粗大的铜锁锁住了门环，甚至那里都已经结了一层层的蜘蛛网。花千骨直接用不归砚移身到通天塔内，塔内依然整齐，但是落满了灰尘。推开那道密室的门，她看到挂着的数千条舌头因为长期缺少滋养都已经枯萎变色了，甚至有些已经成了肉干。\r\n\r\n虽然已经是妖神之身，对这样的场景还是感到不太适应。花千骨定了定神，忍住作呕的冲动，从墟鼎里拿出炎水玉，生方炎水玉象征生生不息，可使枯木逢春、死人复活。她站到那些舌头下方的中心，将炎水玉高举过头顶，催动了体内的洪荒之力，炎水玉渐渐发出银色的光芒，光芒越来越盛，将整个密室笼罩了起来。一根根枯萎的舌头似受到滋润般开始舒展开来，渐渐恢复了粉红色而有了生机，又开始有了嘈杂的交谈之声。', '0', '计算机', '标题标题', '25', '0', '2020-03-26 09:44:08');
INSERT INTO `tmessage` VALUES ('23', 'zs', '11111111111111', '2020-03-26 09:44:08', '第二章：死意已决(1)\r\n去蜀国皇宫看完孟玄朗和轻水后，妖神花千骨又去了遥歌城的异朽阁。东方彧卿在决定入蛮荒接花千骨出来之时就遣散了所有异朽阁的朽卫和下人，此时门庭冷落早不复当年的繁华景象，那森严而神秘的大门紧闭，一个粗大的铜锁锁住了门环，甚至那里都已经结了一层层的蜘蛛网。花千骨直接用不归砚移身到通天塔内，塔内依然整齐，但是落满了灰尘。推开那道密室的门，她看到挂着的数千条舌头因为长期缺少滋养都已经枯萎变色了，甚至有些已经成了肉干。\r\n\r\n虽然已经是妖神之身，对这样的场景还是感到不太适应。花千骨定了定神，忍住作呕的冲动，从墟鼎里拿出炎水玉，生方炎水玉象征生生不息，可使枯木逢春、死人复活。她站到那些舌头下方的中心，将炎水玉高举过头顶，催动了体内的洪荒之力，炎水玉渐渐发出银色的光芒，光芒越来越盛，将整个密室笼罩了起来。一根根枯萎的舌头似受到滋润般开始舒展开来，渐渐恢复了粉红色而有了生机，又开始有了嘈杂的交谈之声。', '1', '计算机', '标题标题', '25', '0', '2020-03-26 09:44:08');
INSERT INTO `tmessage` VALUES ('25', 'zs', '11111111111111', '2020-03-26 09:44:08', '第二章：死意已决(1)\r\n去蜀国皇宫看完孟玄朗和轻水后，妖神花千骨又去了遥歌城的异朽阁。东方彧卿在决定入蛮荒接花千骨出来之时就遣散了所有异朽阁的朽卫和下人，此时门庭冷落早不复当年的繁华景象，那森严而神秘的大门紧闭，一个粗大的铜锁锁住了门环，甚至那里都已经结了一层层的蜘蛛网。花千骨直接用不归砚移身到通天塔内，塔内依然整齐，但是落满了灰尘。推开那道密室的门，她看到挂着的数千条舌头因为长期缺少滋养都已经枯萎变色了，甚至有些已经成了肉干。\r\n\r\n虽然已经是妖神之身，对这样的场景还是感到不太适应。花千骨定了定神，忍住作呕的冲动，从墟鼎里拿出炎水玉，生方炎水玉象征生生不息，可使枯木逢春、死人复活。她站到那些舌头下方的中心，将炎水玉高举过头顶，催动了体内的洪荒之力，炎水玉渐渐发出银色的光芒，光芒越来越盛，将整个密室笼罩了起来。一根根枯萎的舌头似受到滋润般开始舒展开来，渐渐恢复了粉红色而有了生机，又开始有了嘈杂的交谈之声。', '0', '计算机', '标题标题', '25', '0', '2020-03-26 09:44:08');
INSERT INTO `tmessage` VALUES ('26', 'zs', '千骨眼眸闪硕着坚定的光芒：“好，我与你做这个交易。”自从白子画削肉剔骨之时，她早已绝望，能够死之前把他们复活就再无遗憾了，但是困惑她的是自从她成为妖神之后任何伤都很快自动愈合，哪怕是刺到要害，她想死却死不了。抬起泪眸，花千骨再一次发问：“现在请你告诉我：如何杀死妖神？”“妖神之身只有神器才能杀得死。”“悯生剑？”“对，悯生剑刺中妖神要害。”“谢谢。”\r\n\r\n花千骨回到七杀殿，竹染毕恭毕敬的迎了上来：“神尊。”“我去冰室闭关，任何人都不许打扰我。”“是。”拖着深重的步伐，花千骨又进入了七杀殿的冰室中，四面都是冰蓝的幽光，给她火红的衣裙染上了妖异的色彩，她从墟鼎中取出神器开始炼化。也不知过了多久，花千骨疲惫的走了出来。\r\n\r\n竹染看着她的背影满眼疼惜，在蛮荒过了漫长的上百年之后，他遇到了花千骨，因为宫铃的原因他知道这个重伤的女孩来自长留，所以多看了她几眼。即使丑陋的疤痕也盖不住她清丽的脸，竹染发现她竟然与琉夏有几分相似，使他生了恻隐之心而救了她。后来竹染知道了花千骨身负洪荒之力的秘密，虽然他利用了她想要找摩严报仇，但是在知道了她和白子画的一切故事后，知道她竟然为了白子画做到了集齐神器后亦对她刮目相看，甚至生出了几分敬佩之意。竹染也经历过爱而不能或者爱而不得的矛盾与挣扎，所以可以说他最懂她心里的苦。\r\n\r\n竹染想帮花千骨，甚至在白子画的水里偷偷下了春药，但是没想到后来他看到的却是白子画手臂鲜血淋漓的离去，而花千骨的脸一天比一天冷，一天比一天绝望。他很心疼她，他不知道她打算下一步要做什么。一连几日，竹染觉察出花千骨的神力似乎越来越弱，他很担心，暗中观察着她，某天晚上他看到花千骨抱着杀阡陌的冰棺喃喃的说着：“姐姐，妖神不死，六界难安，没有其他办法可以杀死妖神，只有悯生剑。姐姐，你再安静的睡会儿，我会在死之前唤醒你。师父，到时候我会还你一个安宁的六界，以后你还是那个高高在上的长留上仙，但是——我要让你永远记住我。”\r\n', '2020-03-26 09:44:08', '第二章：死意已决(1)\r\n去蜀国皇宫看完孟玄朗和轻水后，妖神花千骨又去了遥歌城的异朽阁。东方彧卿在决定入蛮荒接花千骨出来之时就遣散了所有异朽阁的朽卫和下人，此时门庭冷落早不复当年的繁华景象，那森严而神秘的大门紧闭，一个粗大的铜锁锁住了门环，甚至那里都已经结了一层层的蜘蛛网。花千骨直接用不归砚移身到通天塔内，塔内依然整齐，但是落满了灰尘。推开那道密室的门，她看到挂着的数千条舌头因为长期缺少滋养都已经枯萎变色了，甚至有些已经成了肉干。\r\n\r\n虽然已经是妖神之身，对这样的场景还是感到不太适应。花千骨定了定神，忍住作呕的冲动，从墟鼎里拿出炎水玉，生方炎水玉象征生生不息，可使枯木逢春、死人复活。她站到那些舌头下方的中心，将炎水玉高举过头顶，催动了体内的洪荒之力，炎水玉渐渐发出银色的光芒，光芒越来越盛，将整个密室笼罩了起来。一根根枯萎的舌头似受到滋润般开始舒展开来，渐渐恢复了粉红色而有了生机，又开始有了嘈杂的交谈之声。', '0', '计算机', '标题标题', '25', '0', '2020-03-26 09:44:08');
INSERT INTO `tmessage` VALUES ('27', 'zs', '11111111111111', '2020-03-26 09:44:08', '第二章：死意已决(1)\r\n去蜀国皇宫看完孟玄朗和轻水后，妖神花千骨又去了遥歌城的异朽阁。东方彧卿在决定入蛮荒接花千骨出来之时就遣散了所有异朽阁的朽卫和下人，此时门庭冷落早不复当年的繁华景象，那森严而神秘的大门紧闭，一个粗大的铜锁锁住了门环，甚至那里都已经结了一层层的蜘蛛网。花千骨直接用不归砚移身到通天塔内，塔内依然整齐，但是落满了灰尘。推开那道密室的门，她看到挂着的数千条舌头因为长期缺少滋养都已经枯萎变色了，甚至有些已经成了肉干。\r\n\r\n虽然已经是妖神之身，对这样的场景还是感到不太适应。花千骨定了定神，忍住作呕的冲动，从墟鼎里拿出炎水玉，生方炎水玉象征生生不息，可使枯木逢春、死人复活。她站到那些舌头下方的中心，将炎水玉高举过头顶，催动了体内的洪荒之力，炎水玉渐渐发出银色的光芒，光芒越来越盛，将整个密室笼罩了起来。一根根枯萎的舌头似受到滋润般开始舒展开来，渐渐恢复了粉红色而有了生机，又开始有了嘈杂的交谈之声。', '0', '计算机', '标题标题', '25', '0', '2020-03-26 09:44:08');
INSERT INTO `tmessage` VALUES ('28', 'ww', '千骨眼眸闪硕着坚定的光芒：“好，我与你做这个交易。”自从白子画削肉剔骨之时，她早已绝望，能够死之前把他们复活就再无遗憾了，但是困惑她的是自从她成为妖神之后任何伤都很快自动愈合，哪怕是刺到要害，她想死却死不了。抬起泪眸，花千骨再一次发问：“现在请你告诉我：如何杀死妖神？”“妖神之身只有神器才能杀得死。”“悯生剑？”“对，悯生剑刺中妖神要害。”“谢谢。”\r\n\r\n花千骨回到七杀殿，竹染毕恭毕敬的迎了上来：“神尊。”“我去冰室闭关，任何人都不许打扰我。”“是。”拖着深重的步伐，花千骨又进入了七杀殿的冰室中，四面都是冰蓝的幽光，给她火红的衣裙染上了妖异的色彩，她从墟鼎中取出神器开始炼化。也不知过了多久，花千骨疲惫的走了出来。\r\n\r\n竹染看着她的背影满眼疼惜，在蛮荒过了漫长的上百年之后，他遇到了花千骨，因为宫铃的原因他知道这个重伤的女孩来自长留，所以多看了她几眼。即使丑陋的疤痕也盖不住她清丽的脸，竹染发现她竟然与琉夏有几分相似，使他生了恻隐之心而救了她。后来竹染知道了花千骨身负洪荒之力的秘密，虽然他利用了她想要找摩严报仇，但是在知道了她和白子画的一切故事后，知道她竟然为了白子画做到了集齐神器后亦对她刮目相看，甚至生出了几分敬佩之意。竹染也经历过爱而不能或者爱而不得的矛盾与挣扎，所以可以说他最懂她心里的苦。\r\n\r\n竹染想帮花千骨，甚至在白子画的水里偷偷下了春药，但是没想到后来他看到的却是白子画手臂鲜血淋漓的离去，而花千骨的脸一天比一天冷，一天比一天绝望。他很心疼她，他不知道她打算下一步要做什么。一连几日，竹染觉察出花千骨的神力似乎越来越弱，他很担心，暗中观察着她，某天晚上他看到花千骨抱着杀阡陌的冰棺喃喃的说着：“姐姐，妖神不死，六界难安，没有其他办法可以杀死妖神，只有悯生剑。姐姐，你再安静的睡会儿，我会在死之前唤醒你。师父，到时候我会还你一个安宁的六界，以后你还是那个高高在上的长留上仙，但是——我要让你永远记住我。”\r\n', '2020-03-26 09:44:08', '第二章：死意已决(1)\r\n去蜀国皇宫看完孟玄朗和轻水后，妖神花千骨又去了遥歌城的异朽阁。东方彧卿在决定入蛮荒接花千骨出来之时就遣散了所有异朽阁的朽卫和下人，此时门庭冷落早不复当年的繁华景象，那森严而神秘的大门紧闭，一个粗大的铜锁锁住了门环，甚至那里都已经结了一层层的蜘蛛网。花千骨直接用不归砚移身到通天塔内，塔内依然整齐，但是落满了灰尘。推开那道密室的门，她看到挂着的数千条舌头因为长期缺少滋养都已经枯萎变色了，甚至有些已经成了肉干。\r\n\r\n虽然已经是妖神之身，对这样的场景还是感到不太适应。花千骨定了定神，忍住作呕的冲动，从墟鼎里拿出炎水玉，生方炎水玉象征生生不息，可使枯木逢春、死人复活。她站到那些舌头下方的中心，将炎水玉高举过头顶，催动了体内的洪荒之力，炎水玉渐渐发出银色的光芒，光芒越来越盛，将整个密室笼罩了起来。一根根枯萎的舌头似受到滋润般开始舒展开来，渐渐恢复了粉红色而有了生机，又开始有了嘈杂的交谈之声。', '0', '计算机', '标题标题', '25', '0', '2020-03-26 09:44:08');
INSERT INTO `tmessage` VALUES ('29', 'zs', '11111111111111', '2020-03-26 09:44:08', '第二章：死意已决(1)\r\n去蜀国皇宫看完孟玄朗和轻水后，妖神花千骨又去了遥歌城的异朽阁。东方彧卿在决定入蛮荒接花千骨出来之时就遣散了所有异朽阁的朽卫和下人，此时门庭冷落早不复当年的繁华景象，那森严而神秘的大门紧闭，一个粗大的铜锁锁住了门环，甚至那里都已经结了一层层的蜘蛛网。花千骨直接用不归砚移身到通天塔内，塔内依然整齐，但是落满了灰尘。推开那道密室的门，她看到挂着的数千条舌头因为长期缺少滋养都已经枯萎变色了，甚至有些已经成了肉干。\r\n\r\n虽然已经是妖神之身，对这样的场景还是感到不太适应。花千骨定了定神，忍住作呕的冲动，从墟鼎里拿出炎水玉，生方炎水玉象征生生不息，可使枯木逢春、死人复活。她站到那些舌头下方的中心，将炎水玉高举过头顶，催动了体内的洪荒之力，炎水玉渐渐发出银色的光芒，光芒越来越盛，将整个密室笼罩了起来。一根根枯萎的舌头似受到滋润般开始舒展开来，渐渐恢复了粉红色而有了生机，又开始有了嘈杂的交谈之声。', '0', '奇闻异事', '标题标题', '25', '0', '2020-03-26 09:44:08');
INSERT INTO `tmessage` VALUES ('30', 'ww', '千骨眼眸闪硕着坚定的光芒：“好，我与你做这个交易。”自从白子画削肉剔骨之时，她早已绝望，能够死之前把他们复活就再无遗憾了，但是困惑她的是自从她成为妖神之后任何伤都很快自动愈合，哪怕是刺到要害，她想死却死不了。抬起泪眸，花千骨再一次发问：“现在请你告诉我：如何杀死妖神？”“妖神之身只有神器才能杀得死。”“悯生剑？”“对，悯生剑刺中妖神要害。”“谢谢。”\r\n\r\n花千骨回到七杀殿，竹染毕恭毕敬的迎了上来：“神尊。”“我去冰室闭关，任何人都不许打扰我。”“是。”拖着深重的步伐，花千骨又进入了七杀殿的冰室中，四面都是冰蓝的幽光，给她火红的衣裙染上了妖异的色彩，她从墟鼎中取出神器开始炼化。也不知过了多久，花千骨疲惫的走了出来。\r\n\r\n竹染看着她的背影满眼疼惜，在蛮荒过了漫长的上百年之后，他遇到了花千骨，因为宫铃的原因他知道这个重伤的女孩来自长留，所以多看了她几眼。即使丑陋的疤痕也盖不住她清丽的脸，竹染发现她竟然与琉夏有几分相似，使他生了恻隐之心而救了她。后来竹染知道了花千骨身负洪荒之力的秘密，虽然他利用了她想要找摩严报仇，但是在知道了她和白子画的一切故事后，知道她竟然为了白子画做到了集齐神器后亦对她刮目相看，甚至生出了几分敬佩之意。竹染也经历过爱而不能或者爱而不得的矛盾与挣扎，所以可以说他最懂她心里的苦。\r\n\r\n竹染想帮花千骨，甚至在白子画的水里偷偷下了春药，但是没想到后来他看到的却是白子画手臂鲜血淋漓的离去，而花千骨的脸一天比一天冷，一天比一天绝望。他很心疼她，他不知道她打算下一步要做什么。一连几日，竹染觉察出花千骨的神力似乎越来越弱，他很担心，暗中观察着她，某天晚上他看到花千骨抱着杀阡陌的冰棺喃喃的说着：“姐姐，妖神不死，六界难安，没有其他办法可以杀死妖神，只有悯生剑。姐姐，你再安静的睡会儿，我会在死之前唤醒你。师父，到时候我会还你一个安宁的六界，以后你还是那个高高在上的长留上仙，但是——我要让你永远记住我。”\r\n', '2020-03-26 09:44:08', '第二章：死意已决(1)\r\n去蜀国皇宫看完孟玄朗和轻水后，妖神花千骨又去了遥歌城的异朽阁。东方彧卿在决定入蛮荒接花千骨出来之时就遣散了所有异朽阁的朽卫和下人，此时门庭冷落早不复当年的繁华景象，那森严而神秘的大门紧闭，一个粗大的铜锁锁住了门环，甚至那里都已经结了一层层的蜘蛛网。花千骨直接用不归砚移身到通天塔内，塔内依然整齐，但是落满了灰尘。推开那道密室的门，她看到挂着的数千条舌头因为长期缺少滋养都已经枯萎变色了，甚至有些已经成了肉干。\r\n\r\n虽然已经是妖神之身，对这样的场景还是感到不太适应。花千骨定了定神，忍住作呕的冲动，从墟鼎里拿出炎水玉，生方炎水玉象征生生不息，可使枯木逢春、死人复活。她站到那些舌头下方的中心，将炎水玉高举过头顶，催动了体内的洪荒之力，炎水玉渐渐发出银色的光芒，光芒越来越盛，将整个密室笼罩了起来。一根根枯萎的舌头似受到滋润般开始舒展开来，渐渐恢复了粉红色而有了生机，又开始有了嘈杂的交谈之声。', '0', '奇闻异事', '标题标题', '25', '0', '2020-03-26 09:44:08');
INSERT INTO `tmessage` VALUES ('31', 'zs', '时，长留招收新弟子竹染拜入了长留门下，他再次见到了仇人，得悉他是掌门首座弟子，身份法力都是他遥不可及的。和竹染一起拜入长留的还有琉夏，他性格非常孤僻，很多人都躲着他，唯有琉夏愿意接近他，她的笑容像温暖清澈的小溪一样，渐渐流进了他心里。入长留之后他知道了十方神器的故事，知道了各大仙派分别镇守一件神器，而长留保管的是流光琴。十方神器凑齐解开墟洞封印，就会得到洪荒之力，拥有了洪荒之力就算是拥有毁天灭地的力量，成为了这世上最强大的人。但是神器的保管非常严密，恐怕只有掌门的四大弟子才有机会一窥真容。\r\n\r\n竹染从来没有忘记仇恨，没有忘记来长留的目的，他见摩严一次仇恨便增加了一层。但是摩严在法力和剑术上比他强了太多，他根本无法望其项背，更别提打败他了。渐渐的竹染学会了隐藏自己，他暗中有了计划：接下来的仙剑大会，据说掌门的弟子们很可能要首次开府收徒，他要成为摩严的弟子才有机会接近他，他更加勤奋的练功……\r\n\r\n十八岁时，竹染在仙剑大会上脱颖而出拿到了魁首，摩严果然看中了他的资质收他为第一个入室弟子住进了贪婪殿内。摩严传他剑术和法术，他渐渐知道了摩严最在乎的东西是长留的名誉和天下的安危——他也明白即便杀了摩严其实并不能真正解恨，只有亲手毁了他最在乎的东西，看着他痛苦才是对他毁灭性的报复。竹染会时不时想起琉夏，因琉夏拜入了医药阁长老的门下，他经常下殿去找琉夏练剑，琉夏也央求着要看看贪婪殿的样子，他会趁摩严不在的时候带琉夏偷偷去贪婪殿玩…..\r\n\r\n在摩严的悉心教导下，竹染进步很快，但是他依然比摩严差得多。某次无意中他的手接触三生池水，他发现他竟然对绝情池水有了反应，才惊觉自己对琉夏产生了情愫。他知道师父摩严很反感这种事，若让他知道定会大发雷霆，于是竹染小心隐藏着。某一天他看到摩严从墟鼎中拿出一个流光溢彩的竖琴来，摩严告诉他——这就是流光琴，因为七杀派蠢蠢欲动，杀阡陌已经抢夺了几个门派的神器，为保险起见衍道特地将流光琴交给了他保管……', '2020-03-26 09:44:08', '第二章：死意已决(1)\r\n去蜀国皇宫看完孟玄朗和轻水后，妖神花千骨又去了遥歌城的异朽阁。东方彧卿在决定入蛮荒接花千骨出来之时就遣散了所有异朽阁的朽卫和下人，此时门庭冷落早不复当年的繁华景象，那森严而神秘的大门紧闭，一个粗大的铜锁锁住了门环，甚至那里都已经结了一层层的蜘蛛网。花千骨直接用不归砚移身到通天塔内，塔内依然整齐，但是落满了灰尘。推开那道密室的门，她看到挂着的数千条舌头因为长期缺少滋养都已经枯萎变色了，甚至有些已经成了肉干。\r\n\r\n虽然已经是妖神之身，对这样的场景还是感到不太适应。花千骨定了定神，忍住作呕的冲动，从墟鼎里拿出炎水玉，生方炎水玉象征生生不息，可使枯木逢春、死人复活。她站到那些舌头下方的中心，将炎水玉高举过头顶，催动了体内的洪荒之力，炎水玉渐渐发出银色的光芒，光芒越来越盛，将整个密室笼罩了起来。一根根枯萎的舌头似受到滋润般开始舒展开来，渐渐恢复了粉红色而有了生机，又开始有了嘈杂的交谈之声。', '0', '奇闻异事', '标题标题', '25', '0', '2020-03-26 09:44:08');
INSERT INTO `tmessage` VALUES ('32', 'ww', '11111111111111', '2020-03-26 09:44:08', '第二章：死意已决(1)\r\n去蜀国皇宫看完孟玄朗和轻水后，妖神花千骨又去了遥歌城的异朽阁。东方彧卿在决定入蛮荒接花千骨出来之时就遣散了所有异朽阁的朽卫和下人，此时门庭冷落早不复当年的繁华景象，那森严而神秘的大门紧闭，一个粗大的铜锁锁住了门环，甚至那里都已经结了一层层的蜘蛛网。花千骨直接用不归砚移身到通天塔内，塔内依然整齐，但是落满了灰尘。推开那道密室的门，她看到挂着的数千条舌头因为长期缺少滋养都已经枯萎变色了，甚至有些已经成了肉干。\r\n\r\n虽然已经是妖神之身，对这样的场景还是感到不太适应。花千骨定了定神，忍住作呕的冲动，从墟鼎里拿出炎水玉，生方炎水玉象征生生不息，可使枯木逢春、死人复活。她站到那些舌头下方的中心，将炎水玉高举过头顶，催动了体内的洪荒之力，炎水玉渐渐发出银色的光芒，光芒越来越盛，将整个密室笼罩了起来。一根根枯萎的舌头似受到滋润般开始舒展开来，渐渐恢复了粉红色而有了生机，又开始有了嘈杂的交谈之声。', '0', '奇闻异事', '标题标题', '25', '0', '2020-03-26 09:44:08');
INSERT INTO `tmessage` VALUES ('33', 'zs', '11111111111111', '2020-03-26 09:44:08', '第二章：死意已决(1)\r\n去蜀国皇宫看完孟玄朗和轻水后，妖神花千骨又去了遥歌城的异朽阁。东方彧卿在决定入蛮荒接花千骨出来之时就遣散了所有异朽阁的朽卫和下人，此时门庭冷落早不复当年的繁华景象，那森严而神秘的大门紧闭，一个粗大的铜锁锁住了门环，甚至那里都已经结了一层层的蜘蛛网。花千骨直接用不归砚移身到通天塔内，塔内依然整齐，但是落满了灰尘。推开那道密室的门，她看到挂着的数千条舌头因为长期缺少滋养都已经枯萎变色了，甚至有些已经成了肉干。\r\n\r\n虽然已经是妖神之身，对这样的场景还是感到不太适应。花千骨定了定神，忍住作呕的冲动，从墟鼎里拿出炎水玉，生方炎水玉象征生生不息，可使枯木逢春、死人复活。她站到那些舌头下方的中心，将炎水玉高举过头顶，催动了体内的洪荒之力，炎水玉渐渐发出银色的光芒，光芒越来越盛，将整个密室笼罩了起来。一根根枯萎的舌头似受到滋润般开始舒展开来，渐渐恢复了粉红色而有了生机，又开始有了嘈杂的交谈之声。', '0', '奇闻异事', '标题标题', '25', '0', '2020-03-26 09:44:08');
INSERT INTO `tmessage` VALUES ('34', 'zs', '千骨眼眸闪硕着坚定的光芒：“好，我与你做这个交易。”自从白子画削肉剔骨之时，她早已绝望，能够死之前把他们复活就再无遗憾了，但是困惑她的是自从她成为妖神之后任何伤都很快自动愈合，哪怕是刺到要害，她想死却死不了。抬起泪眸，花千骨再一次发问：“现在请你告诉我：如何杀死妖神？”“妖神之身只有神器才能杀得死。”“悯生剑？”“对，悯生剑刺中妖神要害。”“谢谢。”\r\n\r\n花千骨回到七杀殿，竹染毕恭毕敬的迎了上来：“神尊。”“我去冰室闭关，任何人都不许打扰我。”“是。”拖着深重的步伐，花千骨又进入了七杀殿的冰室中，四面都是冰蓝的幽光，给她火红的衣裙染上了妖异的色彩，她从墟鼎中取出神器开始炼化。也不知过了多久，花千骨疲惫的走了出来。\r\n\r\n竹染看着她的背影满眼疼惜，在蛮荒过了漫长的上百年之后，他遇到了花千骨，因为宫铃的原因他知道这个重伤的女孩来自长留，所以多看了她几眼。即使丑陋的疤痕也盖不住她清丽的脸，竹染发现她竟然与琉夏有几分相似，使他生了恻隐之心而救了她。后来竹染知道了花千骨身负洪荒之力的秘密，虽然他利用了她想要找摩严报仇，但是在知道了她和白子画的一切故事后，知道她竟然为了白子画做到了集齐神器后亦对她刮目相看，甚至生出了几分敬佩之意。竹染也经历过爱而不能或者爱而不得的矛盾与挣扎，所以可以说他最懂她心里的苦。\r\n\r\n竹染想帮花千骨，甚至在白子画的水里偷偷下了春药，但是没想到后来他看到的却是白子画手臂鲜血淋漓的离去，而花千骨的脸一天比一天冷，一天比一天绝望。他很心疼她，他不知道她打算下一步要做什么。一连几日，竹染觉察出花千骨的神力似乎越来越弱，他很担心，暗中观察着她，某天晚上他看到花千骨抱着杀阡陌的冰棺喃喃的说着：“姐姐，妖神不死，六界难安，没有其他办法可以杀死妖神，只有悯生剑。姐姐，你再安静的睡会儿，我会在死之前唤醒你。师父，到时候我会还你一个安宁的六界，以后你还是那个高高在上的长留上仙，但是——我要让你永远记住我。”\r\n', '2020-03-26 09:44:08', '第二章：死意已决(1)\r\n去蜀国皇宫看完孟玄朗和轻水后，妖神花千骨又去了遥歌城的异朽阁。东方彧卿在决定入蛮荒接花千骨出来之时就遣散了所有异朽阁的朽卫和下人，此时门庭冷落早不复当年的繁华景象，那森严而神秘的大门紧闭，一个粗大的铜锁锁住了门环，甚至那里都已经结了一层层的蜘蛛网。花千骨直接用不归砚移身到通天塔内，塔内依然整齐，但是落满了灰尘。推开那道密室的门，她看到挂着的数千条舌头因为长期缺少滋养都已经枯萎变色了，甚至有些已经成了肉干。\r\n\r\n虽然已经是妖神之身，对这样的场景还是感到不太适应。花千骨定了定神，忍住作呕的冲动，从墟鼎里拿出炎水玉，生方炎水玉象征生生不息，可使枯木逢春、死人复活。她站到那些舌头下方的中心，将炎水玉高举过头顶，催动了体内的洪荒之力，炎水玉渐渐发出银色的光芒，光芒越来越盛，将整个密室笼罩了起来。一根根枯萎的舌头似受到滋润般开始舒展开来，渐渐恢复了粉红色而有了生机，又开始有了嘈杂的交谈之声。', '0', '奇闻异事', '标题标题', '25', '0', '2020-03-26 09:44:08');
INSERT INTO `tmessage` VALUES ('35', 'zs', '11111111111111', '2020-03-26 09:44:08', '第二章：死意已决(1)\r\n去蜀国皇宫看完孟玄朗和轻水后，妖神花千骨又去了遥歌城的异朽阁。东方彧卿在决定入蛮荒接花千骨出来之时就遣散了所有异朽阁的朽卫和下人，此时门庭冷落早不复当年的繁华景象，那森严而神秘的大门紧闭，一个粗大的铜锁锁住了门环，甚至那里都已经结了一层层的蜘蛛网。花千骨直接用不归砚移身到通天塔内，塔内依然整齐，但是落满了灰尘。推开那道密室的门，她看到挂着的数千条舌头因为长期缺少滋养都已经枯萎变色了，甚至有些已经成了肉干。\r\n\r\n虽然已经是妖神之身，对这样的场景还是感到不太适应。花千骨定了定神，忍住作呕的冲动，从墟鼎里拿出炎水玉，生方炎水玉象征生生不息，可使枯木逢春、死人复活。她站到那些舌头下方的中心，将炎水玉高举过头顶，催动了体内的洪荒之力，炎水玉渐渐发出银色的光芒，光芒越来越盛，将整个密室笼罩了起来。一根根枯萎的舌头似受到滋润般开始舒展开来，渐渐恢复了粉红色而有了生机，又开始有了嘈杂的交谈之声。', '0', '奇闻异事', '标题标题', '25', '0', '2020-03-26 09:44:08');
INSERT INTO `tmessage` VALUES ('36', 'ls', '11111111111111', '2020-03-26 09:44:08', '第二章：死意已决(1)\r\n去蜀国皇宫看完孟玄朗和轻水后，妖神花千骨又去了遥歌城的异朽阁。东方彧卿在决定入蛮荒接花千骨出来之时就遣散了所有异朽阁的朽卫和下人，此时门庭冷落早不复当年的繁华景象，那森严而神秘的大门紧闭，一个粗大的铜锁锁住了门环，甚至那里都已经结了一层层的蜘蛛网。花千骨直接用不归砚移身到通天塔内，塔内依然整齐，但是落满了灰尘。推开那道密室的门，她看到挂着的数千条舌头因为长期缺少滋养都已经枯萎变色了，甚至有些已经成了肉干。\r\n\r\n虽然已经是妖神之身，对这样的场景还是感到不太适应。花千骨定了定神，忍住作呕的冲动，从墟鼎里拿出炎水玉，生方炎水玉象征生生不息，可使枯木逢春、死人复活。她站到那些舌头下方的中心，将炎水玉高举过头顶，催动了体内的洪荒之力，炎水玉渐渐发出银色的光芒，光芒越来越盛，将整个密室笼罩了起来。一根根枯萎的舌头似受到滋润般开始舒展开来，渐渐恢复了粉红色而有了生机，又开始有了嘈杂的交谈之声。', '0', '影视', '标题标题', '25', '0', '2020-03-26 09:44:08');
INSERT INTO `tmessage` VALUES ('37', 'ls', '11111111111111', '2020-03-26 09:44:08', '第二章：死意已决(1)\r\n去蜀国皇宫看完孟玄朗和轻水后，妖神花千骨又去了遥歌城的异朽阁。东方彧卿在决定入蛮荒接花千骨出来之时就遣散了所有异朽阁的朽卫和下人，此时门庭冷落早不复当年的繁华景象，那森严而神秘的大门紧闭，一个粗大的铜锁锁住了门环，甚至那里都已经结了一层层的蜘蛛网。花千骨直接用不归砚移身到通天塔内，塔内依然整齐，但是落满了灰尘。推开那道密室的门，她看到挂着的数千条舌头因为长期缺少滋养都已经枯萎变色了，甚至有些已经成了肉干。\r\n\r\n虽然已经是妖神之身，对这样的场景还是感到不太适应。花千骨定了定神，忍住作呕的冲动，从墟鼎里拿出炎水玉，生方炎水玉象征生生不息，可使枯木逢春、死人复活。她站到那些舌头下方的中心，将炎水玉高举过头顶，催动了体内的洪荒之力，炎水玉渐渐发出银色的光芒，光芒越来越盛，将整个密室笼罩了起来。一根根枯萎的舌头似受到滋润般开始舒展开来，渐渐恢复了粉红色而有了生机，又开始有了嘈杂的交谈之声。', '0', '影视', '标题标题', '25', '0', '2020-03-26 09:44:08');
INSERT INTO `tmessage` VALUES ('38', 'ls', '11111111111111', '2020-03-26 09:44:08', '第二章：死意已决(1)\r\n去蜀国皇宫看完孟玄朗和轻水后，妖神花千骨又去了遥歌城的异朽阁。东方彧卿在决定入蛮荒接花千骨出来之时就遣散了所有异朽阁的朽卫和下人，此时门庭冷落早不复当年的繁华景象，那森严而神秘的大门紧闭，一个粗大的铜锁锁住了门环，甚至那里都已经结了一层层的蜘蛛网。花千骨直接用不归砚移身到通天塔内，塔内依然整齐，但是落满了灰尘。推开那道密室的门，她看到挂着的数千条舌头因为长期缺少滋养都已经枯萎变色了，甚至有些已经成了肉干。\r\n\r\n虽然已经是妖神之身，对这样的场景还是感到不太适应。花千骨定了定神，忍住作呕的冲动，从墟鼎里拿出炎水玉，生方炎水玉象征生生不息，可使枯木逢春、死人复活。她站到那些舌头下方的中心，将炎水玉高举过头顶，催动了体内的洪荒之力，炎水玉渐渐发出银色的光芒，光芒越来越盛，将整个密室笼罩了起来。一根根枯萎的舌头似受到滋润般开始舒展开来，渐渐恢复了粉红色而有了生机，又开始有了嘈杂的交谈之声。', '0', '影视', '标题标题', '25', '0', '2020-03-26 09:44:08');
INSERT INTO `tmessage` VALUES ('39', 'ww', '11111111111111', '2020-03-26 09:44:08', '第二章：死意已决(1)\r\n去蜀国皇宫看完孟玄朗和轻水后，妖神花千骨又去了遥歌城的异朽阁。东方彧卿在决定入蛮荒接花千骨出来之时就遣散了所有异朽阁的朽卫和下人，此时门庭冷落早不复当年的繁华景象，那森严而神秘的大门紧闭，一个粗大的铜锁锁住了门环，甚至那里都已经结了一层层的蜘蛛网。花千骨直接用不归砚移身到通天塔内，塔内依然整齐，但是落满了灰尘。推开那道密室的门，她看到挂着的数千条舌头因为长期缺少滋养都已经枯萎变色了，甚至有些已经成了肉干。\r\n\r\n虽然已经是妖神之身，对这样的场景还是感到不太适应。花千骨定了定神，忍住作呕的冲动，从墟鼎里拿出炎水玉，生方炎水玉象征生生不息，可使枯木逢春、死人复活。她站到那些舌头下方的中心，将炎水玉高举过头顶，催动了体内的洪荒之力，炎水玉渐渐发出银色的光芒，光芒越来越盛，将整个密室笼罩了起来。一根根枯萎的舌头似受到滋润般开始舒展开来，渐渐恢复了粉红色而有了生机，又开始有了嘈杂的交谈之声。', '0', '影视', '标题标题', '26', '0', '2020-04-09 17:30:17');
INSERT INTO `tmessage` VALUES ('41', 'ls', '11111111111111', '2020-03-26 09:44:08', '第二章：死意已决(1)\r\n去蜀国皇宫看完孟玄朗和轻水后，妖神花千骨又去了遥歌城的异朽阁。东方彧卿在决定入蛮荒接花千骨出来之时就遣散了所有异朽阁的朽卫和下人，此时门庭冷落早不复当年的繁华景象，那森严而神秘的大门紧闭，一个粗大的铜锁锁住了门环，甚至那里都已经结了一层层的蜘蛛网。花千骨直接用不归砚移身到通天塔内，塔内依然整齐，但是落满了灰尘。推开那道密室的门，她看到挂着的数千条舌头因为长期缺少滋养都已经枯萎变色了，甚至有些已经成了肉干。\r\n\r\n虽然已经是妖神之身，对这样的场景还是感到不太适应。花千骨定了定神，忍住作呕的冲动，从墟鼎里拿出炎水玉，生方炎水玉象征生生不息，可使枯木逢春、死人复活。她站到那些舌头下方的中心，将炎水玉高举过头顶，催动了体内的洪荒之力，炎水玉渐渐发出银色的光芒，光芒越来越盛，将整个密室笼罩了起来。一根根枯萎的舌头似受到滋润般开始舒展开来，渐渐恢复了粉红色而有了生机，又开始有了嘈杂的交谈之声。', '0', '影视', '标题标题', '25', '0', '2020-03-26 09:44:08');
INSERT INTO `tmessage` VALUES ('42', 'liws', '麦叔听说你偷偷面阿里啦，面的咋样？\n小麦大叔： 一面挺简单的，主要问了一些基本的数据结构跟算法，还问了下 HashMap的十大常见基本问题。我都答案上来了，还问了我JDK7环，幸亏你那个HashMap环绘制的牛逼，我答的不错就让我准备二面了。\nSoWhat:二面类？\n小麦大叔：二面问了我一些JVM的问题，问我对于JVM内存模型的理解，还有GC的常见理解，最终还问了我下类加载机制，我看你之前水过这个 JVM系列，就依葫芦画瓢答上来了，让我准备三面。\nSoWhat：麦叔这波可以啊，三面问的啥啊？\n小麦大叔：三面问了我一些CAS、Lock、AQS跟 ConcurrentHashMap 的底层实现什么的，还问了我下线程池的七大参数跟四大拒绝策略，以及使用注意事项。我看你水过 并发编程系列，也就答上来了。\nSowhat：厉害啊这是要过的节奏阿！\n————————————————\n版权声明：本文为CSDN博主「SoWhat1412」的原创文章，遵循CC 4.0 BY-SA版权协议，转载请附上原文出处链接及本声明。\n原文链接：https://blog.csdn.net/qq_31821675/article/details/105287363', '2020-04-04 14:52:18', '麦叔听说你偷偷面阿里啦，面的咋样？\n小麦大叔： 一面挺简单的，主要问了一些基本的数据结构跟算法，还问了下 HashMap的十大常见基本问题。我都答案上来了，还问了我JDK7环，幸亏你那个HashMap环绘制的牛逼，我答的不错就让我准备二面了。\nSoWhat:二面类？\n小麦大叔：二面问了我一些JVM的问题，问我对于JVM内存模型的理解，还有GC的常见理解，最终还问了我下类加载机制，我看你之前水过这个 JVM系列，就依葫芦画瓢答上来了，让我准备三面。\nSoWhat：麦叔这波可以啊，三面问的啥啊？\n小麦大叔：三面问了我一些CAS、Lock、AQS跟 ConcurrentHashMap 的底层实现什么的，还问了我下线程池的七大参数跟四大拒绝策略，以及使用注意事项。我看你水过 并发编程系列，也就答上来了。\nSowhat：厉害啊这是要过的节奏阿！\n————————————————\n版权声明：本文为CSDN博主「SoWhat1412」的原创文章，遵循CC 4.0 BY-SA版权协议，转载请附上原文出处链接及本声明。\n原文链接：https://blog.csdn.net/qq_31821675/article/details/105287363', '1', '生活', '858585', '2', '1', '2020-04-07 16:03:38');
INSERT INTO `tmessage` VALUES ('43', 'ddddd', '注释方式与配置文件底层实现方式相同，只是配置的方式换成了注释方式\n\n自动增长，适用于支持自增字段的数据库\n\n@Id\n\n@GeneratedValue(strategy = GenerationType.IDENTITY)\n\n根据底层数据库自动选择方式，需要底层数据库的设置\n\n如MySQL，会使用自增字段，需要将主键设置成auto_increment。\n\n@Id\n\n@GeneratedValue(strategy = GenerationType.AUTO)\n\n使用表存储生成的主键，可以跨数据库。\n\n每次需要主键值时，查询名为\"hibernate_table\"的表，查找主键列\"gen_pk\"值为\"2\"记录，得到这条记录的\"gen_val\"值，根据这个值，和allocationSize的值生成主键值。', '2020-04-09 11:24:55', '注释方式与配置文件底层实现方式相同，只是配置的方式换成了注释方式\n\n自动增长，适用于支持自增字段的数据库\n\n@Id\n\n@GeneratedValue(strategy = GenerationType.IDENTITY)\n\n根据底层数据库自动选择方式，需要底层数据库的设置\n\n如MySQL，会使用自增字段，需要将主键设置成auto_increment。\n\n@Id\n\n@GeneratedValue(strategy = GenerationType.AUTO)\n\n使用表存储生成的主键，可以跨数据库。\n\n每次需要主键值时，查询名为\"hibernate_table\"的表，查找主键列\"gen_pk\"值为\"2\"记录，得到这条记录的\"gen_val\"值，根据这个值，和allocationSize的值生成主键值。', '1', '计算机', '其他注释方式配置', '3', '1', '2020-04-09 17:36:21');
INSERT INTO `tmessage` VALUES ('44', 'eeeeeee', '一、前言\n无论你是软件开发者，还是互联网写作者，为了使自己写的文档或作品更好的流通，便于在不同场合、不同环境、不同人群的查看，亟需寻求一种通用、便于扭转、留存的文档格式。\n\n在这之前、现在或者今后，你可能会存在以下这些困扰：\n\n作为软件开发者、架构师，写的设计文档到底应该以什么样的格式来保存呢？是word、txt、pdf，还是html呢？这些文档格式，在不同情况下，可能都会存在。有时为了便于评审、修改，会采用word格式；有时为了防止文档篡改，会采用pdf格式；有时为了便于网页浏览(如：GitLib)，会采用html格式。难道要针对不同格式进行不同的编写吗？\n作为互联网写作者，写的文章希望能够在不同的平台能够发表，分享给更多的人。而在不同互联网平台，如：微信公众号、CSND、知乎、有道云笔记等，文章的排版会花费你大量的时间，不同平台排版上也会存在一些差异性，甚至让你抓狂。难道不同平台要进行不同排版的调整吗？\n办法总比困难多！ 上述的这些困扰，Markdown就能很好的解决，接下来我们一起来了解下它吧。\n————————————————\n版权声明：本文为CSDN博主「xcbeyond」的原创文章，遵循 CC 4.0 BY-SA 版权协议，转载请附上原文出处链接及本声明。\n原文链接：https://blog.csdn.net/xcbeyond/article/details/104303577', '2020-04-10 11:08:15', '一、前言\n无论你是软件开发者，还是互联网写作者，为了使自己写的文档或作品更好的流通，便于在不同场合、不同环境、不同人群的查看，亟需寻求一种通用、便于扭转、留存的文档格式。\n\n在这之前、现在或者今后，你可能会存在以下这些困扰：\n\n作为软件开发者、架构师，写的设计文档到底应该以什么样的格式来保存呢？是word、txt、pdf，还是html呢？这些文档格式，在不同情况下，可能都会存在。有时为了便于评审、修改，会采用word格式；有时为了防止文档篡改，会采用pdf格式；有时为了便于网页浏览(如：GitLib)，会采用html格式。难道要针对不同格式进行不同的编写吗？\n作为互联网写作者，写的文章希望能够在不同的平台能够发表，分享给更多的人。而在不同互联网平台，如：微信公众号、CSND、知乎、有道云笔记等，文章的排版会花费你大量的时间，不同平台排版上也会存在一些差异性，甚至让你抓狂。难道不同平台要进行不同排版的调整吗？\n办法总比困难多！ 上述的这些困扰，Markdown就能很好的解决，接下来我们一起来了解下它吧。\n————————————————\n版权声明：本文为CSDN博主「xcbeyond」的原创文章，遵循 CC 4.0 BY-SA 版权协议，转载请附上原文出处链接及本声明。\n原文链接：https://blog.csdn.net/xcbeyond/article/details/104303577', '1', '计算机', '文档写作利器：Markdown', '2', '1', '2020-04-10 11:24:14');

-- ----------------------------
-- Table structure for tmesscategory
-- ----------------------------
DROP TABLE IF EXISTS `tmesscategory`;
CREATE TABLE `tmesscategory` (
  `CategoryId` int(11) NOT NULL AUTO_INCREMENT,
  `Category` varchar(50) NOT NULL COMMENT '表明板块名称',
  `categoryOwner` varchar(50) NOT NULL COMMENT '表明版主名称',
  PRIMARY KEY (`CategoryId`)
) ENGINE=InnoDB AUTO_INCREMENT=16 DEFAULT CHARSET=utf8;

-- ----------------------------
-- Records of tmesscategory
-- ----------------------------
INSERT INTO `tmesscategory` VALUES ('1', '生活', 'zs');
INSERT INTO `tmesscategory` VALUES ('3', '计算机', 'ww');
INSERT INTO `tmesscategory` VALUES ('4', '奇闻异事', 'wsw');
INSERT INTO `tmesscategory` VALUES ('5', '影视', '123');
INSERT INTO `tmesscategory` VALUES ('6', '0000', 'ls');
INSERT INTO `tmesscategory` VALUES ('7', '1111', 'zuiwo');
INSERT INTO `tmesscategory` VALUES ('8', '666', 'xixixi');
INSERT INTO `tmesscategory` VALUES ('9', '科技', 'zszs');
INSERT INTO `tmesscategory` VALUES ('10', '美食区', 'liws');
INSERT INTO `tmesscategory` VALUES ('12', '搞笑', 'bbbbb');
INSERT INTO `tmesscategory` VALUES ('14', '学习区', 'owowo');
INSERT INTO `tmesscategory` VALUES ('15', '鬼畜', 'fffffff');

-- ----------------------------
-- Table structure for tuser
-- ----------------------------
DROP TABLE IF EXISTS `tuser`;
CREATE TABLE `tuser` (
  `UserID` int(11) NOT NULL AUTO_INCREMENT COMMENT '会员编号',
  `UserName` varchar(20) NOT NULL,
  `UserPwd` varchar(50) NOT NULL,
  `UserEmail` varchar(100) NOT NULL,
  `InBlack` int(1) NOT NULL COMMENT '表示是否被加入黑名单，1是0否',
  `Question` varchar(50) NOT NULL COMMENT '表示用户找回密码的安全问题',
  `Answer` varchar(50) NOT NULL,
  `IsOwner` int(1) DEFAULT NULL COMMENT '表明会员是否为版主',
  PRIMARY KEY (`UserID`)
) ENGINE=InnoDB AUTO_INCREMENT=19 DEFAULT CHARSET=utf8;

-- ----------------------------
-- Records of tuser
-- ----------------------------
INSERT INTO `tuser` VALUES ('1', '123', '123', '154@qq.com', '0', '13', '13', '1');
INSERT INTO `tuser` VALUES ('2', 'owowo', '90b4634f637878965ba22ac77b3e93dc', '8585@qq.com', '0', '什么', '6a72eb6a57a512b44aef78091246858c', '1');
INSERT INTO `tuser` VALUES ('3', 'ls', '123456', '4', '0', '什么', '不知道', '1');
INSERT INTO `tuser` VALUES ('4', 'ww', '123456', '154@qq.com', '0', '什么', '不知道', '0');
INSERT INTO `tuser` VALUES ('5', 'admin', '202cc9b0383b17524dc1086113e42c55', '1564@qq.com', '0', '什么', 'd13357fe2c7590708fc16c94a293312c', '2');
INSERT INTO `tuser` VALUES ('6', 'zszs', '5d81e7119b775498a9fbf25200277931', '15643@qq.com', '0', '什么', '8f731703b98535fce65d29426c4063b3', '1');
INSERT INTO `tuser` VALUES ('7', 'zuiwo', '22df96fc8a83617feebc00d31d332e9b', '1541@qq.com', '0', '123456', 'c41b41f5dff1716637854b408efb285b', '1');
INSERT INTO `tuser` VALUES ('8', 'xixixi', '9871a9b36f2366d5a8d1f79a32cd609a', '1545@qq.com', '0', '123456', 'f72ab2c9f65b24b206b1b6cc009e735f', '1');
INSERT INTO `tuser` VALUES ('9', 'liws', '2fa81f8ae1c1d386ea312e2bd3c8e9f1', '1854@qq.com', '0', '什么', '9ec902a80fb393fb9033b9d24c01c9e1', '1');
INSERT INTO `tuser` VALUES ('10', 'wwwww', 'b958b0e592b266f09305eb2f294ff19f', '1895@qq.com', '0', '什么', 'aabd4e48a645581a02ae607072e9a4fe', '1');
INSERT INTO `tuser` VALUES ('11', 'wowowo', 'ee4f0a609d348dbad2b17a799354f1dd', '15156@qq.com', '0', '什么', '0cc7ebb72fde87e1a4239bdcdd0c731b', '0');
INSERT INTO `tuser` VALUES ('12', 'aaaa', '1f449917f30c20d5e7c840e6ea96c645', '185816@qq.com', '0', '什么', '088365189136d02fe21adfb85c0ec0b1', '0');
INSERT INTO `tuser` VALUES ('13', 'bbbbb', 'e3eebbd3356d47a75e42a8adcedd49e1', '568464', '1', '什么', '1a139700aa3ebe16c64dad7ebc18f35b', '1');
INSERT INTO `tuser` VALUES ('14', 'ddddd', 'ca5f84a22668fc3e2fae0793001bab87', '854416@qq.com', '1', '什么', '9fe66c7f4ff5ba6bd60093668498cdea', '0');
INSERT INTO `tuser` VALUES ('15', 'eeeeeee', 'ef736ec7ca32508e897f954ed9f9f34a', '85413@qq.com', '0', '什么', '7586b6a327fd04058812c3e286be8187', '0');
INSERT INTO `tuser` VALUES ('16', 'fffffff', '9d99708236e13cb95e726389d5fee249', '185164@qq.com', '0', '什么', '8fdac390f7a3b9a716244396290dd5bf', '1');
INSERT INTO `tuser` VALUES ('17', 'gggggg', '26745b696e5928cff8a6db31609bcde4', '1548613@qq.com', '0', '什么', '57d45c45e3d0dcaacf7eeead4f90bb2f', '0');
